Date,CBP_Intake,CBP_Custody,Transfers_In_HHS,HHS_Care,HHS_Discharged,Total_System_Load,Net_Intake,Growth_Rate_Pct,Discharge_Offset_Ratio,Load_7D_MA,Load_14D_MA,Net_Intake_7D_MA
2023-01-12,33.0,53.0,34.0,6566.0,436.0,6619.0,-402.0,,12.823529411764707,6619.0,6619.0,-402.0
2023-01-13,33.0,53.0,34.0,6566.0,436.0,6619.0,-402.0,0.0,12.823529411764707,6619.0,6619.0,-402.0
2023-01-14,33.0,53.0,34.0,6566.0,436.0,6619.0,-402.0,0.0,12.823529411764707,6619.0,6619.0,-402.0
2023-01-15,33.0,53.0,34.0,6566.0,436.0,6619.0,-402.0,0.0,12.823529411764707,6619.0,6619.0,-402.0
2023-01-16,33.0,53.0,34.0,6566.0,436.0,6619.0,-402.0,0.0,12.823529411764707,6619.0,6619.0,-402.0
2023-01-17,33.0,53.0,34.0,6566.0,436.0,6619.0,-402.0,0.0,12.823529411764707,6619.0,6619.0,-402.0
2023-01-18,33.0,53.0,34.0,6566.0,436.0,6619.0,-402.0,0.0,12.823529411764707,6619.0,6619.0,-402.0
2023-01-19,33.0,53.0,34.0,6566.0,436.0,6619.0,-402.0,0.0,12.823529411764707,6619.0,6619.0,-402.0
2023-01-20,33.0,53.0,34.0,6566.0,436.0,6619.0,-402.0,0.0,12.823529411764707,6619.0,6619.0,-402.0
2023-01-21,33.0,53.0,34.0,6566.0,436.0,6619.0,-402.0,0.0,12.823529411764707,6619.0,6619.0,-402.0
2023-01-22,32.0,49.0,39.0,7122.0,227.0,7171.0,-188.0,8.339628342649942,5.82051282051282,6697.857142857143,6669.181818181818,-371.42857142857144
2023-01-23,32.0,50.0,39.0,7280.0,181.0,7330.0,-142.0,2.2172639799191263,4.641025641025641,6799.428571428572,6724.25,-334.2857142857143
2023-01-24,47.0,42.0,47.0,7433.0,175.0,7475.0,-128.0,1.9781718963165051,3.723404255319149,6921.714285714285,6782.0,-295.14285714285717
2023-01-25,20.0,22.0,41.0,7538.0,180.0,7560.0,-139.0,1.1371237458194017,4.390243902439025,7056.142857142857,6837.571428571428,-257.57142857142856
2023-01-26,20.0,22.0,41.0,7538.0,180.0,7560.0,-139.0,0.0,4.390243902439025,7190.571428571428,6904.785714285715,-220.0
2023-01-27,20.0,22.0,41.0,7538.0,180.0,7560.0,-139.0,0.0,4.390243902439025,7325.0,6972.0,-182.42857142857142
2023-01-28,20.0,22.0,41.0,7538.0,180.0,7560.0,-139.0,0.0,4.390243902439025,7459.428571428572,7039.214285714285,-144.85714285714286
2023-01-29,23.0,45.0,11.0,7472.0,303.0,7517.0,-292.0,-0.5687830687830742,27.545454545454547,7508.857142857143,7103.357142857143,-159.71428571428572
2023-01-30,34.0,54.0,29.0,7743.0,196.0,7797.0,-167.0,3.7248902487694524,6.758620689655173,7575.571428571428,7187.5,-163.28571428571428
2023-01-31,26.0,36.0,36.0,7803.0,158.0,7839.0,-122.0,0.538668718737978,4.388888888888889,7627.571428571428,7274.642857142857,-162.42857142857142
2023-02-01,25.0,32.0,27.0,7903.0,231.0,7935.0,-204.0,1.2246460007653948,8.555555555555555,7681.142857142857,7368.642857142857,-171.71428571428572
2023-02-02,15.0,13.0,23.0,7879.0,298.0,7892.0,-275.0,-0.5419029615627013,12.956521739130435,7728.571428571428,7459.571428571428,-191.14285714285714
2023-02-03,15.0,13.0,23.0,7879.0,298.0,7892.0,-275.0,0.0,12.956521739130435,7776.0,7550.5,-210.57142857142858
2023-02-04,15.0,13.0,23.0,7879.0,298.0,7892.0,-275.0,0.0,12.956521739130435,7823.428571428572,7641.428571428572,-230.0
2023-02-05,16.0,18.0,15.0,7586.0,342.0,7604.0,-327.0,-3.6492650785605707,22.8,7835.857142857143,7672.357142857143,-235.0
2023-02-06,11.0,22.0,12.0,7720.0,196.0,7742.0,-184.0,1.8148342977380327,16.333333333333332,7828.0,7701.785714285715,-237.42857142857142
2023-02-07,16.0,20.0,20.0,7855.0,200.0,7875.0,-180.0,1.7179023508137492,10.0,7833.142857142857,7730.357142857143,-245.71428571428572
2023-02-08,93.0,196.0,169.0,7915.0,317.0,8111.0,-148.0,2.9968253968253977,1.8757396449704142,7858.285714285715,7769.714285714285,-237.71428571428572
2023-02-09,124.0,234.0,161.0,7908.0,353.0,8142.0,-192.0,0.3821970163974786,2.1925465838509317,7894.0,7811.285714285715,-225.85714285714286
2023-02-10,124.0,234.0,161.0,7908.0,353.0,8142.0,-192.0,0.0,2.1925465838509317,7929.714285714285,7852.857142857143,-214.0
2023-02-11,124.0,234.0,161.0,7908.0,353.0,8142.0,-192.0,0.0,2.1925465838509317,7965.428571428572,7894.428571428572,-202.14285714285714
2023-02-12,92.0,203.0,173.0,7434.0,317.0,7637.0,-144.0,-6.202407270940801,1.8323699421965318,7970.142857142857,7903.0,-176.0
2023-02-13,186.0,259.0,172.0,7483.0,244.0,7742.0,-72.0,1.3748854262144894,1.4186046511627908,7970.142857142857,7899.071428571428,-160.0
2023-02-14,154.0,225.0,220.0,7794.0,223.0,8019.0,-3.0,3.577886850942913,1.0136363636363637,7990.714285714285,7911.928571428572,-134.71428571428572
2023-02-15,91.0,199.0,172.0,7869.0,290.0,8068.0,-118.0,0.6110487591969083,1.686046511627907,7984.571428571428,7921.428571428572,-130.42857142857142
2023-02-16,81.0,213.0,153.0,7793.0,361.0,8006.0,-208.0,-0.7684680218145723,2.3594771241830066,7965.142857142857,7929.571428571428,-132.71428571428572
2023-02-17,81.0,213.0,153.0,7793.0,361.0,8006.0,-208.0,0.0,2.3594771241830066,7945.714285714285,7937.714285714285,-135.0
2023-02-18,81.0,213.0,153.0,7793.0,361.0,8006.0,-208.0,0.0,2.3594771241830066,7926.285714285715,7945.857142857143,-137.28571428571428
2023-02-19,81.0,213.0,153.0,7793.0,361.0,8006.0,-208.0,0.0,2.3594771241830066,7979.0,7974.571428571428,-146.42857142857142
2023-02-20,209.0,285.0,184.0,7817.0,209.0,8102.0,-25.0,1.1991006744941357,1.1358695652173914,8030.428571428572,8000.285714285715,-139.71428571428572
2023-02-21,184.0,314.0,217.0,7967.0,213.0,8281.0,4.0,2.209331029375461,0.9815668202764977,8067.857142857143,8029.285714285715,-138.71428571428572
2023-02-22,107.0,215.0,230.0,7978.0,232.0,8193.0,-2.0,-1.0626735901461126,1.008695652173913,8085.714285714285,8035.142857142857,-122.14285714285714
2023-02-23,101.0,162.0,178.0,7914.0,386.0,8076.0,-208.0,-1.42804833394361,2.168539325842697,8095.714285714285,8030.428571428572,-122.14285714285714
2023-02-24,101.0,162.0,178.0,7914.0,386.0,8076.0,-208.0,0.0,2.168539325842697,8105.714285714285,8025.714285714285,-122.14285714285714
2023-02-25,101.0,162.0,178.0,7914.0,386.0,8076.0,-208.0,0.0,2.168539325842697,8115.714285714285,8021.0,-122.14285714285714
2023-02-26,99.0,190.0,176.0,7609.0,323.0,7799.0,-147.0,-3.42991579990094,1.8352272727272727,8086.142857142857,8032.571428571428,-113.42857142857143
2023-02-27,167.0,239.0,166.0,7800.0,248.0,8039.0,-82.0,3.077317604821128,1.4939759036144578,8077.142857142857,8053.785714285715,-121.57142857142857
2023-02-28,115.0,216.0,169.0,7896.0,200.0,8112.0,-31.0,0.9080731434258027,1.183431952662722,8053.0,8060.428571428572,-126.57142857142857
2023-03-01,84.0,158.0,193.0,7930.0,307.0,8088.0,-114.0,-0.295857988165682,1.5906735751295338,8038.0,8061.857142857143,-142.57142857142858
2023-03-02,130.0,227.0,192.0,7870.0,335.0,8097.0,-143.0,0.1112759643916883,1.7447916666666667,8041.0,8068.357142857143,-133.28571428571428
2023-03-03,130.0,227.0,192.0,7870.0,335.0,8097.0,-143.0,0.0,1.7447916666666667,8044.0,8074.857142857143,-124.0
2023-03-04,130.0,227.0,192.0,7870.0,335.0,8097.0,-143.0,0.0,1.7447916666666667,8047.0,8081.357142857143,-114.71428571428571
2023-03-05,130.0,227.0,192.0,7870.0,335.0,8097.0,-143.0,0.0,1.7447916666666667,8089.571428571428,8087.857142857143,-114.14285714285714
2023-03-06,130.0,227.0,192.0,7870.0,335.0,8097.0,-143.0,0.0,1.7447916666666667,8097.857142857143,8087.5,-122.85714285714286
2023-03-07,88.0,214.0,160.0,7859.0,259.0,8073.0,-99.0,-0.2964060763245624,1.61875,8092.285714285715,8072.642857142857,-132.57142857142858
2023-03-08,113.0,208.0,159.0,7885.0,291.0,8093.0,-132.0,0.24773937817414993,1.830188679245283,8093.0,8065.5,-135.14285714285714
2023-03-09,174.0,285.0,150.0,7786.0,340.0,8071.0,-190.0,-0.27183986160880247,2.2666666666666666,8089.285714285715,8065.142857142857,-141.85714285714286
2023-03-10,174.0,285.0,150.0,7786.0,340.0,8071.0,-190.0,0.0,2.2666666666666666,8085.571428571428,8064.785714285715,-148.57142857142858
2023-03-11,174.0,285.0,150.0,7786.0,340.0,8071.0,-190.0,0.0,2.2666666666666666,8081.857142857143,8064.428571428572,-155.28571428571428
2023-03-12,174.0,285.0,150.0,7786.0,340.0,8071.0,-190.0,0.0,2.2666666666666666,8078.142857142857,8083.857142857143,-162.0
2023-03-13,104.0,230.0,206.0,7567.0,249.0,7797.0,-43.0,-3.3948705240986254,1.2087378640776698,8035.285714285715,8066.571428571428,-147.71428571428572
2023-03-14,147.0,276.0,214.0,7810.0,181.0,8086.0,33.0,3.70655380274465,0.8457943925233645,8037.142857142857,8064.714285714285,-128.85714285714286
2023-03-15,108.0,220.0,213.0,7915.0,286.0,8135.0,-73.0,0.6059856542171671,1.3427230046948357,8043.142857142857,8068.071428571428,-120.42857142857143
2023-03-16,180.0,280.0,146.0,7989.0,308.0,8269.0,-162.0,1.647203441917644,2.1095890410958904,8071.428571428572,8080.357142857143,-116.42857142857143
2023-03-17,180.0,280.0,146.0,7989.0,308.0,8269.0,-162.0,0.0,2.1095890410958904,8099.714285714285,8092.642857142857,-112.42857142857143
2023-03-18,180.0,280.0,146.0,7989.0,308.0,8269.0,-162.0,0.0,2.1095890410958904,8128.0,8104.928571428572,-108.42857142857143
2023-03-19,134.0,294.0,186.0,7885.0,306.0,8179.0,-120.0,-1.0884024670455905,1.6451612903225807,8143.428571428572,8110.785714285715,-98.42857142857143
2023-03-20,202.0,313.0,158.0,7931.0,279.0,8244.0,-121.0,0.7947181807066883,1.7658227848101267,8207.285714285714,8121.285714285715,-109.57142857142857
2023-03-21,110.0,272.0,193.0,8050.0,221.0,8322.0,-28.0,0.9461426491994107,1.145077720207254,8241.0,8139.071428571428,-118.28571428571429
2023-03-22,166.0,277.0,229.0,8097.0,246.0,8374.0,-17.0,0.6248497957221932,1.074235807860262,8275.142857142857,8159.142857142857,-110.28571428571429
2023-03-23,136.0,276.0,178.0,8102.0,331.0,8378.0,-153.0,0.04776689754000252,1.8595505617977528,8290.714285714286,8181.071428571428,-109.0
2023-03-24,136.0,276.0,178.0,8102.0,331.0,8378.0,-153.0,0.0,1.8595505617977528,8306.285714285714,8203.0,-107.71428571428571
2023-03-25,136.0,276.0,178.0,8102.0,331.0,8378.0,-153.0,0.0,1.8595505617977528,8321.857142857143,8224.92857142857,-106.42857142857143
2023-03-26,87.0,246.0,173.0,7847.0,352.0,8093.0,-179.0,-3.4017665313917367,2.0346820809248554,8309.57142857143,8226.5,-114.85714285714286
2023-03-27,84.0,171.0,157.0,7994.0,235.0,8165.0,-78.0,0.8896577289015273,1.4968152866242037,8298.285714285714,8252.785714285714,-108.71428571428571
2023-03-28,167.0,209.0,157.0,8079.0,223.0,8288.0,-66.0,1.5064298836497292,1.4203821656050954,8293.42857142857,8267.214285714286,-114.14285714285714
2023-03-29,109.0,245.0,159.0,8208.0,267.0,8453.0,-108.0,1.9908301158301223,1.679245283018868,8304.714285714286,8289.92857142857,-127.14285714285714
2023-03-30,156.0,256.0,176.0,8158.0,359.0,8414.0,-183.0,-0.4613746598840618,2.039772727272727,8309.857142857143,8300.285714285714,-131.42857142857142
2023-03-31,156.0,256.0,176.0,8158.0,359.0,8414.0,-183.0,0.0,2.039772727272727,8315.0,8310.642857142857,-135.71428571428572
2023-04-01,156.0,256.0,176.0,8158.0,359.0,8414.0,-183.0,0.0,2.039772727272727,8320.142857142857,8321.0,-140.0
2023-04-02,125.0,232.0,192.0,7981.0,304.0,8213.0,-112.0,-2.388875683384839,1.5833333333333333,8337.285714285714,8323.42857142857,-130.42857142857142
2023-04-03,118.0,139.0,168.0,8054.0,284.0,8193.0,-116.0,-0.24351637647631597,1.6904761904761905,8341.285714285714,8319.785714285714,-135.85714285714286
2023-04-04,142.0,235.0,139.0,8068.0,259.0,8303.0,-120.0,1.3426095447333086,1.8633093525179856,8343.42857142857,8318.42857142857,-143.57142857142858
2023-04-05,148.0,245.0,175.0,8175.0,260.0,8420.0,-85.0,1.4091292303986425,1.4857142857142858,8338.714285714286,8321.714285714286,-140.28571428571428
2023-04-06,119.0,219.0,210.0,8178.0,284.0,8397.0,-74.0,-0.2731591448931092,1.3523809523809525,8336.285714285714,8323.07142857143,-124.71428571428571
2023-04-07,119.0,219.0,210.0,8178.0,284.0,8397.0,-74.0,0.0,1.3523809523809525,8333.857142857143,8324.42857142857,-109.14285714285714
2023-04-08,119.0,219.0,210.0,8178.0,284.0,8397.0,-74.0,0.0,1.3523809523809525,8331.42857142857,8325.785714285714,-93.57142857142857
2023-04-09,105.0,210.0,149.0,7900.0,329.0,8110.0,-180.0,-3.4178873407169186,2.208053691275168,8316.714285714286,8327.0,-103.28571428571429
2023-04-10,143.0,203.0,163.0,7826.0,265.0,8029.0,-102.0,-0.998766954377317,1.6257668711656441,8293.285714285714,8317.285714285714,-101.28571428571429
2023-04-11,119.0,209.0,152.0,7922.0,187.0,8131.0,-35.0,1.2703948187819059,1.230263157894737,8268.714285714286,8306.07142857143,-89.14285714285714
2023-04-12,155.0,212.0,181.0,7876.0,283.0,8088.0,-102.0,-0.5288402410527637,1.5635359116022098,8221.285714285714,8280.0,-91.57142857142857
2023-04-13,109.0,214.0,173.0,7795.0,370.0,8009.0,-197.0,-0.97675568743818,2.138728323699422,8165.857142857143,8251.07142857143,-109.14285714285714
2023-04-14,109.0,214.0,173.0,7795.0,370.0,8009.0,-197.0,0.0,2.138728323699422,8110.428571428572,8222.142857142857,-126.71428571428571
2023-04-15,109.0,214.0,173.0,7795.0,370.0,8009.0,-197.0,0.0,2.138728323699422,8055.0,8193.214285714286,-144.28571428571428
2023-04-16,191.0,283.0,192.0,7380.0,272.0,7663.0,-80.0,-4.320139842676984,1.4166666666666667,7991.142857142857,8153.928571428572,-130.0
2023-04-17,170.0,297.0,196.0,7344.0,248.0,7641.0,-52.0,-0.2870938274827095,1.2653061224489797,7935.714285714285,8114.5,-122.85714285714286
2023-04-18,152.0,272.0,214.0,7376.0,234.0,7648.0,-20.0,0.0916110456746555,1.0934579439252337,7866.714285714285,8067.714285714285,-120.71428571428571
2023-04-19,239.0,367.0,224.0,7356.0,229.0,7723.0,-5.0,0.9806485355648542,1.0223214285714286,7814.571428571428,8017.928571428572,-106.85714285714286
2023-04-20,113.0,280.0,237.0,7490.0,320.0,7770.0,-83.0,0.6085717985238936,1.350210970464135,7780.428571428572,7973.142857142857,-90.57142857142857
2023-04-21,113.0,280.0,237.0,7490.0,320.0,7770.0,-83.0,0.0,1.350210970464135,7746.285714285715,7928.357142857143,-74.28571428571429
2023-04-22,113.0,280.0,237.0,7490.0,320.0,7770.0,-83.0,0.0,1.350210970464135,7712.142857142857,7883.571428571428,-58.0
2023-04-23,196.0,306.0,187.0,7534.0,266.0,7840.0,-79.0,0.9009009009008917,1.4224598930481283,7737.428571428572,7864.285714285715,-57.857142857142854
2023-04-24,236.0,330.0,222.0,7796.0,213.0,8126.0,9.0,3.647959183673466,0.9594594594594594,7806.714285714285,7871.214285714285,-49.142857142857146
2023-04-25,81.0,230.0,242.0,8017.0,202.0,8247.0,40.0,1.4890475018459304,0.8347107438016529,7892.285714285715,7879.5,-40.57142857142857
2023-04-26,118.0,245.0,160.0,8117.0,256.0,8362.0,-96.0,1.3944464653813604,1.6,7983.571428571428,7899.071428571428,-53.57142857142857
2023-04-27,218.0,283.0,208.0,8159.0,310.0,8442.0,-102.0,0.9567089213107005,1.4903846153846154,8079.571428571428,7930.0,-56.285714285714285
2023-04-28,218.0,283.0,208.0,8159.0,310.0,8442.0,-102.0,0.0,1.4903846153846154,8175.571428571428,7960.928571428572,-59.0
2023-04-29,218.0,283.0,208.0,8159.0,310.0,8442.0,-102.0,0.0,1.4903846153846154,8271.57142857143,7991.857142857143,-61.714285714285715
2023-04-30,132.0,243.0,183.0,8352.0,293.0,8595.0,-110.0,1.8123667377398789,1.6010928961748634,8379.42857142857,8058.428571428572,-66.14285714285714
2023-05-01,224.0,315.0,152.0,8492.0,237.0,8807.0,-85.0,2.4665503199534644,1.5592105263157894,8476.714285714286,8141.714285714285,-79.57142857142857
2023-05-02,167.0,326.0,213.0,8654.0,245.0,8980.0,-32.0,1.964346542522999,1.1502347417840375,8581.42857142857,8236.857142857143,-89.85714285714286
2023-05-03,209.0,353.0,232.0,8704.0,267.0,9057.0,-35.0,0.8574610244988845,1.1508620689655173,8680.714285714286,8332.142857142857,-81.14285714285714
2023-05-04,153.0,253.0,286.0,8790.0,332.0,9043.0,-46.0,-0.15457657060836683,1.1608391608391608,8766.57142857143,8423.07142857143,-73.14285714285714
2023-05-05,153.0,253.0,286.0,8790.0,332.0,9043.0,-46.0,0.0,1.1608391608391608,8852.42857142857,8514.0,-65.14285714285714
2023-05-06,153.0,253.0,286.0,8790.0,332.0,9043.0,-46.0,0.0,1.1608391608391608,8938.285714285714,8604.92857142857,-57.142857142857146
2023-05-07,180.0,337.0,219.0,8485.0,375.0,8822.0,-156.0,-2.4438792436138446,1.7123287671232876,8970.714285714286,8675.07142857143,-63.714285714285715
2023-05-08,133.0,287.0,189.0,8590.0,261.0,8877.0,-72.0,0.6234413965087171,1.380952380952381,8980.714285714286,8728.714285714286,-61.857142857142854
2023-05-09,187.0,310.0,247.0,8606.0,250.0,8916.0,-3.0,0.4393376140588101,1.0121457489878543,8971.57142857143,8776.5,-57.714285714285715
2023-05-10,168.0,285.0,210.0,8681.0,304.0,8966.0,-94.0,0.56078959174517,1.4476190476190476,8958.57142857143,8819.642857142857,-66.14285714285714
2023-05-11,269.0,412.0,204.0,8672.0,392.0,9084.0,-188.0,1.3160829801472262,1.9215686274509804,8964.42857142857,8865.5,-86.42857142857143
2023-05-12,269.0,412.0,204.0,8672.0,392.0,9084.0,-188.0,0.0,1.9215686274509804,8970.285714285714,8911.357142857143,-106.71428571428571
2023-05-13,269.0,412.0,204.0,8672.0,392.0,9084.0,-188.0,0.0,1.9215686274509804,8976.142857142857,8957.214285714286,-127.0
2023-05-14,100.0,255.0,236.0,8445.0,288.0,8700.0,-52.0,-4.227212681638049,1.2203389830508475,8958.714285714286,8964.714285714286,-112.14285714285714
2023-05-15,205.0,294.0,177.0,8571.0,277.0,8865.0,-100.0,1.8965517241379404,1.5649717514124293,8957.0,8968.857142857143,-116.14285714285714
2023-05-16,161.0,304.0,211.0,8572.0,272.0,8876.0,-61.0,0.12408347433727762,1.2890995260663507,8951.285714285714,8961.42857142857,-124.42857142857143
2023-05-17,57.0,162.0,193.0,8569.0,307.0,8731.0,-114.0,-1.6336187471834185,1.5906735751295338,8917.714285714286,8938.142857142857,-127.28571428571429
2023-05-18,80.0,122.0,152.0,8474.0,351.0,8596.0,-199.0,-1.5462146374985664,2.3092105263157894,8848.0,8906.214285714286,-128.85714285714286
2023-05-19,80.0,122.0,152.0,8474.0,351.0,8596.0,-199.0,0.0,2.3092105263157894,8778.285714285714,8874.285714285714,-130.42857142857142
2023-05-20,80.0,122.0,152.0,8474.0,351.0,8596.0,-199.0,0.0,2.3092105263157894,8708.57142857143,8842.357142857143,-132.0
2023-05-21,107.0,170.0,133.0,7826.0,343.0,7996.0,-210.0,-6.979990693345739,2.5789473684210527,8608.0,8783.357142857143,-154.57142857142858
2023-05-22,99.0,156.0,139.0,7848.0,240.0,8004.0,-101.0,0.10005002501249916,1.7266187050359711,8485.0,8721.0,-154.71428571428572
2023-05-23,25.0,66.0,94.0,7788.0,246.0,7854.0,-152.0,-1.874062968515744,2.617021276595745,8339.0,8645.142857142857,-167.71428571428572
2023-05-24,35.0,70.0,53.0,7709.0,276.0,7779.0,-223.0,-0.9549274255156615,5.2075471698113205,8203.0,8560.357142857143,-183.28571428571428
2023-05-25,43.0,73.0,64.0,7546.0,408.0,7619.0,-344.0,-2.056819642627583,6.375,8063.428571428572,8455.714285714286,-204.0
2023-05-26,43.0,73.0,64.0,7546.0,408.0,7619.0,-344.0,0.0,6.375,7923.857142857143,8351.07142857143,-224.71428571428572
2023-05-27,43.0,73.0,64.0,7546.0,408.0,7619.0,-344.0,0.0,6.375,7784.285714285715,8246.42857142857,-245.42857142857142
2023-05-28,43.0,73.0,64.0,7546.0,408.0,7619.0,-344.0,0.0,6.375,7730.428571428572,8169.214285714285,-264.57142857142856
2023-05-29,41.0,60.0,71.0,6996.0,207.0,7056.0,-136.0,-7.389421183882394,2.915492957746479,7595.0,8040.0,-269.57142857142856
2023-05-30,65.0,83.0,65.0,7046.0,168.0,7129.0,-103.0,1.0345804988662222,2.5846153846153848,7491.428571428572,7915.214285714285,-262.57142857142856
2023-05-31,38.0,80.0,82.0,7053.0,210.0,7133.0,-128.0,0.05610885117126596,2.5609756097560976,7399.142857142857,7801.071428571428,-249.0
2023-06-01,56.0,82.0,68.0,7002.0,287.0,7084.0,-219.0,-0.6869479882237517,4.220588235294118,7322.714285714285,7693.071428571428,-231.14285714285714
2023-06-02,56.0,82.0,68.0,7002.0,287.0,7084.0,-219.0,0.0,4.220588235294118,7246.285714285715,7585.071428571428,-213.28571428571428
2023-06-03,56.0,82.0,68.0,7002.0,287.0,7084.0,-219.0,0.0,4.220588235294118,7169.857142857143,7477.071428571428,-195.42857142857142
2023-06-04,74.0,103.0,80.0,6555.0,292.0,6658.0,-212.0,-6.013551665725581,3.65,7032.571428571428,7381.5,-176.57142857142858
2023-06-05,68.0,107.0,102.0,6523.0,189.0,6630.0,-87.0,-0.4205467107239458,1.8529411764705883,6971.714285714285,7283.357142857143,-169.57142857142858
2023-06-06,92.0,124.0,93.0,6508.0,187.0,6632.0,-94.0,0.030165912518853588,2.010752688172043,6900.714285714285,7196.071428571428,-168.28571428571428
2023-06-07,113.0,162.0,107.0,6483.0,208.0,6645.0,-101.0,0.19601930036188264,1.9439252336448598,6831.0,7115.071428571428,-164.42857142857142
2023-06-08,106.0,196.0,131.0,6446.0,255.0,6642.0,-124.0,-0.04514672686229959,1.9465648854961832,6767.857142857143,7045.285714285715,-150.85714285714286
2023-06-09,106.0,196.0,131.0,6446.0,255.0,6642.0,-124.0,0.0,1.9465648854961832,6704.714285714285,6975.5,-137.28571428571428
2023-06-10,106.0,196.0,131.0,6446.0,255.0,6642.0,-124.0,0.0,1.9465648854961832,6641.571428571428,6905.714285714285,-123.71428571428571
2023-06-11,86.0,152.0,168.0,6007.0,238.0,6159.0,-70.0,-7.271906052393861,1.4166666666666667,6570.285714285715,6801.428571428572,-103.42857142857143
2023-06-12,84.0,118.0,136.0,6021.0,177.0,6139.0,-41.0,-0.32472804026627555,1.3014705882352942,6500.142857142857,6735.928571428572,-96.85714285714286
2023-06-13,59.0,64.0,117.0,6061.0,146.0,6125.0,-29.0,-0.22805017103763037,1.2478632478632479,6427.714285714285,6664.214285714285,-87.57142857142857
2023-06-14,62.0,97.0,52.0,6065.0,167.0,6162.0,-115.0,0.604081632653064,3.2115384615384617,6358.714285714285,6594.857142857143,-89.57142857142857
2023-06-15,91.0,75.0,97.0,6038.0,272.0,6113.0,-175.0,-0.7951963648166194,2.804123711340206,6283.142857142857,6525.5,-96.85714285714286
2023-06-16,91.0,75.0,97.0,6038.0,272.0,6113.0,-175.0,0.0,2.804123711340206,6207.571428571428,6456.142857142857,-104.14285714285714
2023-06-17,91.0,75.0,97.0,6038.0,272.0,6113.0,-175.0,0.0,2.804123711340206,6132.0,6386.785714285715,-111.42857142857143
2023-06-18,91.0,75.0,97.0,6038.0,272.0,6113.0,-175.0,0.0,2.804123711340206,6125.428571428572,6347.857142857143,-126.42857142857143
2023-06-19,29.0,51.0,11.0,5679.0,142.0,5730.0,-131.0,-6.265336168820546,12.909090909090908,6067.0,6283.571428571428,-139.28571428571428
2023-06-20,33.0,53.0,34.0,5904.0,134.0,5957.0,-100.0,3.961605584642225,3.9411764705882355,6043.0,6235.357142857143,-149.42857142857142
2023-06-21,93.0,196.0,169.0,5922.0,149.0,6118.0,20.0,2.7027027027026973,0.8816568047337278,6036.714285714285,6197.714285714285,-130.14285714285714
2023-06-22,124.0,234.0,161.0,5956.0,207.0,6190.0,-46.0,1.1768551814318462,1.2857142857142858,6047.714285714285,6165.428571428572,-111.71428571428571
2023-06-23,124.0,234.0,161.0,5956.0,207.0,6190.0,-46.0,0.0,1.2857142857142858,6058.714285714285,6133.142857142857,-93.28571428571429
2023-06-24,124.0,234.0,161.0,5956.0,207.0,6190.0,-46.0,0.0,1.2857142857142858,6069.714285714285,6100.857142857143,-74.85714285714286
2023-06-25,92.0,203.0,173.0,5766.0,263.0,5969.0,-90.0,-3.5702746365104954,1.5202312138728324,6049.142857142857,6087.285714285715,-62.714285714285715
2023-06-26,186.0,259.0,172.0,5819.0,174.0,6078.0,-2.0,1.8261015245434775,1.0116279069767442,6098.857142857143,6082.928571428572,-44.285714285714285
2023-06-27,154.0,225.0,220.0,5917.0,155.0,6142.0,65.0,1.0529779532741035,0.7045454545454546,6125.285714285715,6084.142857142857,-20.714285714285715
2023-06-28,91.0,199.0,172.0,5999.0,174.0,6198.0,-2.0,0.9117551286226044,1.0116279069767442,6136.714285714285,6086.714285714285,-23.857142857142858
2023-06-29,81.0,213.0,153.0,6058.0,213.0,6271.0,-60.0,1.177799290093584,1.392156862745098,6148.285714285715,6098.0,-25.857142857142858
2023-06-30,81.0,213.0,153.0,6058.0,213.0,6271.0,-60.0,0.0,1.392156862745098,6159.857142857143,6109.285714285715,-27.857142857142858
2023-07-01,81.0,213.0,153.0,6058.0,213.0,6271.0,-60.0,0.0,1.392156862745098,6171.428571428572,6120.571428571428,-29.857142857142858
2023-07-02,209.0,285.0,184.0,5903.0,309.0,6188.0,-125.0,-1.3235528623823933,1.6793478260869565,6202.714285714285,6125.928571428572,-34.857142857142854
2023-07-03,209.0,285.0,184.0,5903.0,309.0,6188.0,-125.0,0.0,1.6793478260869565,6218.428571428572,6158.642857142857,-52.42857142857143
2023-07-04,184.0,314.0,217.0,6127.0,124.0,6441.0,93.0,4.088558500323214,0.5714285714285714,6261.142857142857,6193.214285714285,-48.42857142857143
2023-07-05,107.0,215.0,230.0,6193.0,167.0,6408.0,63.0,-0.5123428039124356,0.7260869565217392,6291.142857142857,6213.928571428572,-39.142857142857146
2023-07-06,101.0,162.0,178.0,6239.0,205.0,6401.0,-27.0,-0.10923845193507864,1.151685393258427,6309.714285714285,6229.0,-34.42857142857143
2023-07-07,101.0,162.0,178.0,6239.0,205.0,6401.0,-27.0,0.0,1.151685393258427,6328.285714285715,6244.071428571428,-29.714285714285715
2023-07-08,101.0,162.0,178.0,6239.0,205.0,6401.0,-27.0,0.0,1.151685393258427,6346.857142857143,6259.142857142857,-25.0
2023-07-09,99.0,190.0,176.0,6214.0,196.0,6404.0,-20.0,0.04686767692547722,1.1136363636363635,6377.714285714285,6290.214285714285,-10.0
2023-07-10,167.0,239.0,166.0,6346.0,163.0,6585.0,3.0,2.826358525921302,0.9819277108433735,6434.428571428572,6326.428571428572,8.285714285714286
2023-07-11,115.0,216.0,169.0,6498.0,143.0,6714.0,26.0,1.9589977220956678,0.8461538461538461,6473.428571428572,6367.285714285715,-1.2857142857142858
2023-07-12,84.0,158.0,193.0,6521.0,210.0,6679.0,-17.0,-0.5212987786714307,1.0880829015544042,6512.142857142857,6401.642857142857,-12.714285714285714
2023-07-13,130.0,227.0,192.0,6604.0,226.0,6831.0,-34.0,2.2757897888905587,1.1770833333333333,6573.571428571428,6441.642857142857,-13.714285714285714
2023-07-14,130.0,227.0,192.0,6604.0,226.0,6831.0,-34.0,0.0,1.1770833333333333,6635.0,6481.642857142857,-14.714285714285714
2023-07-15,130.0,227.0,192.0,6604.0,226.0,6831.0,-34.0,0.0,1.1770833333333333,6696.428571428572,6521.642857142857,-15.714285714285714
2023-07-16,88.0,214.0,160.0,6468.0,218.0,6682.0,-58.0,-2.1812326160152273,1.3625,6736.142857142857,6556.928571428572,-21.142857142857142
2023-07-17,113.0,208.0,159.0,6632.0,160.0,6840.0,-1.0,2.3645615085303717,1.0062893081761006,6772.571428571428,6603.5,-21.714285714285715
2023-07-18,174.0,285.0,150.0,6874.0,181.0,7159.0,-31.0,4.66374269005847,1.2066666666666668,6836.142857142857,6654.785714285715,-29.857142857142858
2023-07-19,104.0,230.0,206.0,7001.0,226.0,7231.0,-20.0,1.005727056851513,1.0970873786407767,6915.0,6713.571428571428,-30.285714285714285
2023-07-20,147.0,276.0,214.0,7116.0,281.0,7392.0,-67.0,2.2265246853823806,1.3130841121495327,6995.142857142857,6784.357142857143,-35.0
2023-07-21,147.0,276.0,214.0,7116.0,281.0,7392.0,-67.0,0.0,1.3130841121495327,7075.285714285715,6855.142857142857,-39.714285714285715
2023-07-22,147.0,276.0,214.0,7116.0,281.0,7392.0,-67.0,0.0,1.3130841121495327,7155.428571428572,6925.928571428572,-44.42857142857143
2023-07-23,108.0,220.0,213.0,7052.0,276.0,7272.0,-63.0,-1.6233766233766267,1.295774647887324,7239.714285714285,6987.928571428572,-45.142857142857146
2023-07-24,180.0,280.0,146.0,7220.0,187.0,7500.0,-41.0,3.1353135313531455,1.2808219178082192,7334.0,7053.285714285715,-50.857142857142854
2023-07-25,134.0,294.0,186.0,7510.0,136.0,7804.0,50.0,4.053333333333331,0.7311827956989247,7426.142857142857,7131.142857142857,-39.285714285714285
2023-07-26,202.0,313.0,158.0,7647.0,215.0,7960.0,-57.0,1.9989748846745314,1.360759493670886,7530.285714285715,7222.642857142857,-44.57142857142857
2023-07-27,110.0,272.0,193.0,7754.0,259.0,8026.0,-66.0,0.8291457286432102,1.3419689119170986,7620.857142857143,7308.0,-44.42857142857143
2023-07-28,110.0,272.0,193.0,7754.0,259.0,8026.0,-66.0,0.0,1.3419689119170986,7711.428571428572,7393.357142857143,-44.285714285714285
2023-07-29,110.0,272.0,193.0,7754.0,259.0,8026.0,-66.0,0.0,1.3419689119170986,7802.0,7478.714285714285,-44.142857142857146
2023-07-30,166.0,277.0,229.0,7671.0,305.0,7948.0,-76.0,-0.9718415150759996,1.331877729257642,7898.571428571428,7569.142857142857,-46.0
2023-07-31,136.0,276.0,178.0,7800.0,220.0,8076.0,-42.0,1.610468042274782,1.2359550561797752,7980.857142857143,7657.428571428572,-46.142857142857146
2023-08-01,87.0,246.0,173.0,8103.0,168.0,8349.0,5.0,3.3803863298662806,0.9710982658959537,8058.714285714285,7742.428571428572,-52.57142857142857
2023-08-02,84.0,171.0,157.0,8261.0,271.0,8432.0,-114.0,0.9941310336567311,1.7261146496815287,8126.142857142857,7828.214285714285,-60.714285714285715
2023-08-03,167.0,209.0,157.0,8294.0,339.0,8503.0,-182.0,0.8420303605312984,2.159235668789809,8194.285714285714,7907.571428571428,-77.28571428571429
2023-08-04,167.0,209.0,157.0,8294.0,339.0,8503.0,-182.0,0.0,2.159235668789809,8262.42857142857,7986.928571428572,-93.85714285714286
2023-08-05,167.0,209.0,157.0,8294.0,339.0,8503.0,-182.0,0.0,2.159235668789809,8330.57142857143,8066.285714285715,-110.42857142857143
2023-08-06,109.0,245.0,159.0,8298.0,322.0,8543.0,-163.0,0.4704222039280337,2.0251572327044025,8415.57142857143,8157.071428571428,-122.85714285714286
2023-08-07,156.0,256.0,176.0,8493.0,202.0,8749.0,-26.0,2.4113309141987616,1.1477272727272727,8511.714285714286,8246.285714285714,-120.57142857142857
2023-08-08,125.0,232.0,192.0,8725.0,207.0,8957.0,-15.0,2.3774145616641817,1.078125,8598.57142857143,8328.642857142857,-123.42857142857143
2023-08-09,118.0,139.0,168.0,8888.0,251.0,9027.0,-83.0,0.7815116668527411,1.494047619047619,8683.57142857143,8404.857142857143,-119.0
2023-08-10,142.0,235.0,139.0,8914.0,353.0,9149.0,-214.0,1.3515010523983628,2.539568345323741,8775.857142857143,8485.07142857143,-123.57142857142857
2023-08-11,142.0,235.0,139.0,8914.0,353.0,9149.0,-214.0,0.0,2.539568345323741,8868.142857142857,8565.285714285714,-128.14285714285714
2023-08-12,142.0,235.0,139.0,8914.0,353.0,9149.0,-214.0,0.0,2.539568345323741,8960.42857142857,8645.5,-132.71428571428572
2023-08-13,142.0,235.0,139.0,8914.0,353.0,9149.0,-214.0,0.0,2.539568345323741,9047.0,8731.285714285714,-140.0
2023-08-14,142.0,235.0,139.0,8914.0,353.0,9149.0,-214.0,0.0,2.539568345323741,9104.142857142857,8807.92857142857,-166.85714285714286
2023-08-15,142.0,235.0,139.0,8914.0,353.0,9149.0,-214.0,0.0,2.539568345323741,9131.57142857143,8865.07142857143,-195.28571428571428
2023-08-16,148.0,245.0,175.0,9634.0,288.0,9879.0,-113.0,7.979014099901627,1.6457142857142857,9253.285714285714,8968.42857142857,-199.57142857142858
2023-08-17,119.0,219.0,210.0,9694.0,407.0,9913.0,-197.0,0.34416438910820357,1.938095238095238,9362.42857142857,9069.142857142857,-197.14285714285714
2023-08-18,119.0,219.0,210.0,9694.0,407.0,9913.0,-197.0,0.0,1.938095238095238,9471.57142857143,9169.857142857143,-194.71428571428572
2023-08-19,119.0,219.0,210.0,9694.0,407.0,9913.0,-197.0,0.0,1.938095238095238,9580.714285714286,9270.57142857143,-192.28571428571428
2023-08-20,105.0,210.0,149.0,9483.0,390.0,9693.0,-241.0,-2.219307979420959,2.61744966442953,9658.42857142857,9352.714285714286,-196.14285714285714
2023-08-21,143.0,203.0,163.0,9668.0,281.0,9871.0,-118.0,1.8363767667388897,1.7239263803680982,9761.57142857143,9432.857142857143,-182.42857142857142
2023-08-22,119.0,209.0,152.0,9921.0,230.0,10130.0,-78.0,2.623847634484844,1.513157894736842,9901.714285714286,9516.642857142857,-163.0
2023-08-23,155.0,212.0,181.0,10071.0,285.0,10283.0,-104.0,1.5103652517275412,1.574585635359116,9959.42857142857,9606.357142857143,-161.71428571428572
2023-08-24,109.0,214.0,173.0,10026.0,443.0,10240.0,-270.0,-0.41816590489156535,2.560693641618497,10006.142857142857,9684.285714285714,-172.14285714285714
2023-08-25,109.0,214.0,173.0,10026.0,443.0,10240.0,-270.0,0.0,2.560693641618497,10052.857142857143,9762.214285714286,-182.57142857142858
2023-08-26,109.0,214.0,173.0,10026.0,443.0,10240.0,-270.0,0.0,2.560693641618497,10099.57142857143,9840.142857142857,-193.0
2023-08-27,191.0,283.0,192.0,9873.0,488.0,10156.0,-296.0,-0.8203124999999978,2.5416666666666665,10165.714285714286,9912.07142857143,-200.85714285714286
2023-08-28,170.0,297.0,196.0,10012.0,388.0,10309.0,-192.0,1.5064986215045373,1.9795918367346939,10228.285714285714,9994.92857142857,-211.42857142857142
2023-08-29,152.0,272.0,214.0,10180.0,286.0,10452.0,-72.0,1.387137452711218,1.3364485981308412,10274.285714285714,10088.0,-210.57142857142858
2023-08-30,239.0,367.0,224.0,10280.0,366.0,10647.0,-142.0,1.8656716417910557,1.6339285714285714,10326.285714285714,10142.857142857143,-216.0
2023-08-31,113.0,280.0,237.0,10140.0,505.0,10420.0,-268.0,-2.1320559782098236,2.130801687763713,10352.0,10179.07142857143,-215.71428571428572
2023-09-01,113.0,280.0,237.0,10140.0,505.0,10420.0,-268.0,0.0,2.130801687763713,10377.714285714286,10215.285714285714,-215.42857142857142
2023-09-02,113.0,280.0,237.0,10140.0,505.0,10420.0,-268.0,0.0,2.130801687763713,10403.42857142857,10251.5,-215.14285714285714
2023-09-03,113.0,280.0,237.0,10140.0,505.0,10420.0,-268.0,0.0,2.130801687763713,10441.142857142857,10303.42857142857,-211.14285714285714
2023-09-04,196.0,306.0,187.0,9988.0,293.0,10294.0,-106.0,-1.2092130518234212,1.5668449197860963,10439.0,10333.642857142857,-198.85714285714286
2023-09-05,236.0,330.0,222.0,10142.0,243.0,10472.0,-21.0,1.7291626190013565,1.0945945945945945,10441.857142857143,10358.07142857143,-191.57142857142858
2023-09-06,81.0,230.0,242.0,10356.0,291.0,10586.0,-49.0,1.0886172650878434,1.2024793388429753,10433.142857142857,10379.714285714286,-178.28571428571428
2023-09-07,118.0,245.0,160.0,10419.0,398.0,10664.0,-238.0,0.7368222180238027,2.4875,10468.0,10410.0,-174.0
2023-09-08,118.0,245.0,160.0,10419.0,398.0,10664.0,-238.0,0.0,2.4875,10502.857142857143,10440.285714285714,-169.71428571428572
2023-09-09,118.0,245.0,160.0,10419.0,398.0,10664.0,-238.0,0.0,2.4875,10537.714285714286,10470.57142857143,-165.42857142857142
2023-09-10,218.0,283.0,208.0,10282.0,382.0,10565.0,-174.0,-0.9283570892723136,1.8365384615384615,10558.42857142857,10499.785714285714,-152.0
2023-09-11,132.0,243.0,183.0,10492.0,277.0,10735.0,-94.0,1.6090866067203002,1.5136612021857923,10621.42857142857,10530.214285714286,-150.28571428571428
2023-09-12,224.0,315.0,152.0,10649.0,316.0,10964.0,-164.0,2.133209129017244,2.0789473684210527,10691.714285714286,10566.785714285714,-170.71428571428572
2023-09-13,167.0,326.0,213.0,10678.0,343.0,11004.0,-130.0,0.36483035388543694,1.6103286384976525,10751.42857142857,10592.285714285714,-182.28571428571428
2023-09-14,209.0,353.0,232.0,10837.0,414.0,11190.0,-182.0,1.6902944383860419,1.7844827586206897,10826.57142857143,10647.285714285714,-174.28571428571428
2023-09-15,209.0,353.0,232.0,10837.0,414.0,11190.0,-182.0,0.0,1.7844827586206897,10901.714285714286,10702.285714285714,-166.28571428571428
2023-09-16,209.0,353.0,232.0,10837.0,414.0,11190.0,-182.0,0.0,1.7844827586206897,10976.857142857143,10757.285714285714,-158.28571428571428
2023-09-17,153.0,253.0,286.0,10799.0,427.0,11052.0,-141.0,-1.2332439678284235,1.493006993006993,11046.42857142857,10802.42857142857,-153.57142857142858
2023-09-18,180.0,337.0,219.0,10892.0,313.0,11229.0,-94.0,1.601520086862096,1.4292237442922375,11117.0,10869.214285714286,-153.57142857142858
2023-09-19,133.0,287.0,189.0,11095.0,260.0,11382.0,-71.0,1.362543414373496,1.3756613756613756,11176.714285714286,10934.214285714286,-140.28571428571428
2023-09-20,187.0,310.0,247.0,11064.0,364.0,11374.0,-117.0,-0.07028641714988959,1.4736842105263157,11229.57142857143,10990.5,-138.42857142857142
2023-09-21,168.0,285.0,210.0,11067.0,428.0,11352.0,-218.0,-0.19342359767892114,2.038095238095238,11252.714285714286,11039.642857142857,-143.57142857142858
2023-09-22,168.0,285.0,210.0,11067.0,428.0,11352.0,-218.0,0.0,2.038095238095238,11275.857142857143,11088.785714285714,-148.71428571428572
2023-09-23,168.0,285.0,210.0,11067.0,428.0,11352.0,-218.0,0.0,2.038095238095238,11299.0,11137.92857142857,-153.85714285714286
2023-09-24,269.0,412.0,204.0,10744.0,403.0,11156.0,-199.0,-1.7265680056377741,1.9754901960784315,11313.857142857143,11180.142857142857,-162.14285714285714
2023-09-25,100.0,255.0,236.0,10842.0,284.0,11097.0,-48.0,-0.5288633918967389,1.2033898305084745,11295.0,11206.0,-155.57142857142858
2023-09-26,205.0,294.0,177.0,10978.0,332.0,11272.0,-155.0,1.5770027935477993,1.8757062146892656,11279.285714285714,11228.0,-167.57142857142858
2023-09-27,161.0,304.0,211.0,11017.0,331.0,11321.0,-120.0,0.434705464868701,1.5687203791469195,11271.714285714286,11250.642857142857,-168.0
2023-09-28,57.0,162.0,193.0,10984.0,447.0,11146.0,-254.0,-1.545799841003448,2.316062176165803,11242.285714285714,11247.5,-173.14285714285714
2023-09-29,57.0,162.0,193.0,10984.0,447.0,11146.0,-254.0,0.0,2.316062176165803,11212.857142857143,11244.357142857143,-178.28571428571428
2023-09-30,57.0,162.0,193.0,10984.0,447.0,11146.0,-254.0,0.0,2.316062176165803,11183.42857142857,11241.214285714286,-183.42857142857142
2023-10-01,80.0,122.0,152.0,10598.0,493.0,10720.0,-341.0,-3.8219989233805873,3.2434210526315788,11121.142857142857,11217.5,-203.71428571428572
2023-10-02,107.0,170.0,133.0,10724.0,284.0,10894.0,-151.0,1.6231343283582111,2.1353383458646618,11092.142857142857,11193.57142857143,-218.42857142857142
2023-10-03,99.0,156.0,139.0,10818.0,287.0,10974.0,-148.0,0.7343491830365423,2.064748201438849,11049.57142857143,11164.42857142857,-217.42857142857142
2023-10-04,25.0,66.0,94.0,10963.0,330.0,11029.0,-236.0,0.5011846181884438,3.5106382978723403,11007.857142857143,11139.785714285714,-234.0
2023-10-05,35.0,70.0,53.0,11130.0,427.0,11200.0,-374.0,1.5504578837610028,8.056603773584905,11015.57142857143,11128.92857142857,-251.14285714285714
2023-10-06,35.0,70.0,53.0,11130.0,427.0,11200.0,-374.0,0.0,8.056603773584905,11023.285714285714,11118.07142857143,-268.2857142857143
2023-10-07,35.0,70.0,53.0,11130.0,427.0,11200.0,-374.0,0.0,8.056603773584905,11031.0,11107.214285714286,-285.42857142857144
2023-10-08,35.0,70.0,53.0,11130.0,427.0,11200.0,-374.0,0.0,8.056603773584905,11099.57142857143,11110.357142857143,-290.14285714285717
2023-10-09,43.0,73.0,64.0,10815.0,282.0,10888.0,-218.0,-2.7857142857142803,4.40625,11098.714285714286,11095.42857142857,-299.7142857142857
2023-10-10,41.0,60.0,71.0,10910.0,257.0,10970.0,-186.0,0.7531227038942045,3.619718309859155,11098.142857142857,11073.857142857143,-305.14285714285717
2023-10-11,65.0,83.0,65.0,10960.0,266.0,11043.0,-201.0,0.6654512306289773,4.092307692307692,11100.142857142857,11054.0,-300.14285714285717
2023-10-12,38.0,80.0,82.0,10992.0,398.0,11072.0,-316.0,0.2626097980621189,4.853658536585366,11081.857142857143,11048.714285714286,-291.85714285714283
2023-10-13,38.0,80.0,82.0,10992.0,398.0,11072.0,-316.0,0.0,4.853658536585366,11063.57142857143,11043.42857142857,-283.57142857142856
2023-10-14,38.0,80.0,82.0,10992.0,398.0,11072.0,-316.0,0.0,4.853658536585366,11045.285714285714,11038.142857142857,-275.2857142857143
2023-10-15,56.0,82.0,68.0,10571.0,434.0,10653.0,-366.0,-3.7843208092485536,6.382352941176471,10967.142857142857,11033.357142857143,-274.14285714285717
2023-10-16,74.0,103.0,80.0,10629.0,331.0,10732.0,-251.0,0.7415751431521622,4.1375,10944.857142857143,11021.785714285714,-278.85714285714283
2023-10-17,68.0,107.0,102.0,10630.0,315.0,10737.0,-213.0,0.04658963846440045,3.088235294117647,10911.57142857143,11004.857142857143,-282.7142857142857
2023-10-18,92.0,124.0,93.0,10511.0,393.0,10635.0,-300.0,-0.9499860296172113,4.225806451612903,10853.285714285714,10976.714285714286,-296.85714285714283
2023-10-19,113.0,162.0,107.0,10319.0,406.0,10481.0,-299.0,-1.4480488951574944,3.794392523364486,10768.857142857143,10925.357142857143,-294.42857142857144
2023-10-20,113.0,162.0,107.0,10319.0,406.0,10481.0,-299.0,0.0,3.794392523364486,10684.42857142857,10874.0,-292.0
2023-10-21,113.0,162.0,107.0,10319.0,406.0,10481.0,-299.0,0.0,3.794392523364486,10600.0,10822.642857142857,-289.57142857142856
2023-10-22,106.0,196.0,131.0,9506.0,454.0,9702.0,-323.0,-7.432496899150842,3.4656488549618323,10464.142857142857,10715.642857142857,-283.42857142857144
2023-10-23,86.0,152.0,168.0,9436.0,327.0,9588.0,-159.0,-1.1750154607297447,1.9464285714285714,10300.714285714286,10622.785714285714,-270.2857142857143
2023-10-24,84.0,118.0,136.0,9396.0,300.0,9514.0,-164.0,-0.7717980809345049,2.2058823529411766,10126.0,10518.785714285714,-263.2857142857143
2023-10-25,59.0,64.0,117.0,9351.0,293.0,9415.0,-176.0,-1.0405717889426125,2.5042735042735043,9951.714285714286,10402.5,-245.57142857142858
2023-10-26,62.0,97.0,52.0,9235.0,390.0,9332.0,-338.0,-0.8815719596388716,7.5,9787.57142857143,10278.214285714286,-251.14285714285714
2023-10-27,62.0,97.0,52.0,9235.0,390.0,9332.0,-338.0,0.0,7.5,9623.42857142857,10153.92857142857,-256.7142857142857
2023-10-28,62.0,97.0,52.0,9235.0,390.0,9332.0,-338.0,0.0,7.5,9459.285714285714,10029.642857142857,-262.2857142857143
2023-10-29,91.0,75.0,97.0,8925.0,418.0,9000.0,-321.0,-3.557651093013292,4.309278350515464,9359.0,9911.57142857143,-262.0
2023-10-30,29.0,51.0,11.0,9026.0,278.0,9077.0,-267.0,0.855555555555565,25.272727272727273,9286.0,9793.357142857143,-277.42857142857144
2023-10-31,33.0,53.0,34.0,9072.0,295.0,9125.0,-261.0,0.5288090778891696,8.676470588235293,9230.42857142857,9678.214285714286,-291.2857142857143
2023-11-01,132.0,235.0,197.0,9250.0,279.0,9485.0,-82.0,3.945205479452052,1.416243654822335,9240.42857142857,9596.07142857143,-277.85714285714283
2023-11-02,174.0,208.0,256.0,9442.0,330.0,9650.0,-74.0,1.7395888244596813,1.2890625,9285.857142857143,9536.714285714286,-240.14285714285714
2023-11-03,174.0,208.0,256.0,9442.0,330.0,9650.0,-74.0,0.0,1.2890625,9331.285714285714,9477.357142857143,-202.42857142857142
2023-11-04,174.0,208.0,256.0,9442.0,330.0,9650.0,-74.0,0.0,1.2890625,9376.714285714286,9418.0,-164.71428571428572
2023-11-05,123.0,230.0,167.0,9273.0,370.0,9503.0,-203.0,-1.523316062176161,2.215568862275449,9448.57142857143,9403.785714285714,-147.85714285714286
2023-11-06,123.0,233.0,159.0,9286.0,316.0,9519.0,-157.0,0.1683678838261704,1.9874213836477987,9511.714285714286,9398.857142857143,-132.14285714285714
2023-11-07,141.0,232.0,188.0,9483.0,231.0,9715.0,-43.0,2.0590398151066225,1.2287234042553192,9596.0,9413.214285714286,-101.0
2023-11-08,158.0,226.0,191.0,9634.0,310.0,9860.0,-119.0,1.4925373134328401,1.6230366492146597,9649.57142857143,9445.0,-106.28571428571429
2023-11-09,158.0,226.0,191.0,9634.0,310.0,9860.0,-119.0,0.0,1.6230366492146597,9679.57142857143,9482.714285714286,-112.71428571428571
2023-11-10,158.0,226.0,191.0,9634.0,310.0,9860.0,-119.0,0.0,1.6230366492146597,9709.57142857143,9520.42857142857,-119.14285714285714
2023-11-11,158.0,226.0,191.0,9634.0,310.0,9860.0,-119.0,0.0,1.6230366492146597,9739.57142857143,9558.142857142857,-125.57142857142857
2023-11-12,96.0,160.0,233.0,9477.0,313.0,9637.0,-80.0,-2.2616632860040564,1.3433476394849786,9758.714285714286,9603.642857142857,-108.0
2023-11-13,141.0,173.0,129.0,9510.0,287.0,9683.0,-158.0,0.4773269689737569,2.2248062015503876,9782.142857142857,9646.92857142857,-108.14285714285714
2023-11-14,116.0,181.0,182.0,9665.0,247.0,9846.0,-65.0,1.6833625942373143,1.3571428571428572,9800.857142857143,9698.42857142857,-111.28571428571429
2023-11-15,150.0,157.0,201.0,9762.0,316.0,9919.0,-115.0,0.7414178346536682,1.572139303482587,9809.285714285714,9729.42857142857,-110.71428571428571
2023-11-16,80.0,176.0,125.0,9762.0,374.0,9938.0,-249.0,0.191551567698367,2.992,9820.42857142857,9750.0,-129.28571428571428
2023-11-17,80.0,176.0,125.0,9762.0,374.0,9938.0,-249.0,0.0,2.992,9831.57142857143,9770.57142857143,-147.85714285714286
2023-11-18,80.0,176.0,125.0,9762.0,374.0,9938.0,-249.0,0.0,2.992,9842.714285714286,9791.142857142857,-166.42857142857142
2023-11-19,116.0,188.0,164.0,9573.0,435.0,9761.0,-271.0,-1.7810424632722865,2.652439024390244,9860.42857142857,9809.57142857143,-193.71428571428572
2023-11-20,105.0,185.0,158.0,9638.0,298.0,9823.0,-140.0,0.635180821637138,1.8860759493670887,9880.42857142857,9831.285714285714,-191.14285714285714
2023-11-21,136.0,246.0,123.0,9804.0,250.0,10050.0,-127.0,2.310902982795482,2.032520325203252,9909.57142857143,9855.214285714286,-200.0
2023-11-22,136.0,246.0,123.0,9804.0,250.0,10050.0,-127.0,0.0,2.032520325203252,9928.285714285714,9868.785714285714,-201.71428571428572
2023-11-23,128.0,228.0,177.0,9838.0,283.0,10066.0,-106.0,0.1592039800994982,1.5988700564971752,9946.57142857143,9883.5,-181.28571428571428
2023-11-24,128.0,228.0,177.0,9838.0,283.0,10066.0,-106.0,0.0,1.5988700564971752,9964.857142857143,9898.214285714286,-160.85714285714286
2023-11-25,128.0,228.0,177.0,9838.0,283.0,10066.0,-106.0,0.0,1.5988700564971752,9983.142857142857,9912.92857142857,-140.42857142857142
2023-11-26,90.0,196.0,205.0,9845.0,312.0,10041.0,-107.0,-0.24836081859725967,1.5219512195121951,10023.142857142857,9941.785714285714,-117.0
2023-11-27,56.0,82.0,68.0,10123.0,214.0,10205.0,-146.0,1.6333034558311033,3.1470588235294117,10077.714285714286,9979.07142857143,-117.85714285714286
2023-11-28,74.0,103.0,80.0,10223.0,223.0,10326.0,-143.0,1.185693287604117,2.7875,10117.142857142857,10013.357142857143,-120.14285714285714
2023-11-29,68.0,107.0,102.0,10398.0,284.0,10505.0,-182.0,1.73348828200659,2.784313725490196,10182.142857142857,10055.214285714286,-128.0
2023-11-30,92.0,124.0,93.0,10536.0,320.0,10660.0,-227.0,1.47548786292242,3.4408602150537635,10267.0,10106.785714285714,-145.28571428571428
2023-12-01,92.0,124.0,93.0,10536.0,320.0,10660.0,-227.0,0.0,3.4408602150537635,10351.857142857143,10158.357142857143,-162.57142857142858
2023-12-02,92.0,124.0,93.0,10536.0,320.0,10660.0,-227.0,0.0,3.4408602150537635,10436.714285714286,10209.92857142857,-179.85714285714286
2023-12-03,132.0,235.0,197.0,10579.0,417.0,10814.0,-220.0,1.4446529080675452,2.116751269035533,10547.142857142857,10285.142857142857,-196.0
2023-12-04,174.0,208.0,256.0,10635.0,273.0,10843.0,-17.0,0.2681708895875712,1.06640625,10638.285714285714,10358.0,-177.57142857142858
2023-12-05,123.0,230.0,167.0,10761.0,261.0,10991.0,-94.0,1.364935903347786,1.562874251497006,10733.285714285714,10425.214285714286,-170.57142857142858
2023-12-06,123.0,233.0,159.0,10832.0,376.0,11065.0,-217.0,0.6732781366572738,2.3647798742138364,10813.285714285714,10497.714285714286,-175.57142857142858
2023-12-07,141.0,232.0,188.0,10897.0,466.0,11129.0,-278.0,0.5784003615002309,2.478723404255319,10880.285714285714,10573.642857142857,-182.85714285714286
2023-12-08,141.0,232.0,188.0,10897.0,466.0,11129.0,-278.0,0.0,2.478723404255319,10947.285714285714,10649.57142857143,-190.14285714285714
2023-12-09,141.0,232.0,188.0,10897.0,466.0,11129.0,-278.0,0.0,2.478723404255319,11014.285714285714,10725.5,-197.42857142857142
2023-12-10,158.0,226.0,191.0,10871.0,411.0,11097.0,-220.0,-0.2875370653248277,2.1518324607329844,11054.714285714286,10800.92857142857,-197.42857142857142
2023-12-11,96.0,160.0,233.0,10998.0,304.0,11158.0,-71.0,0.5496981166080994,1.3047210300429184,11099.714285714286,10869.0,-205.14285714285714
2023-12-12,141.0,173.0,129.0,11077.0,259.0,11250.0,-130.0,0.8245205233912811,2.007751937984496,11136.714285714286,10935.0,-210.28571428571428
2023-12-13,116.0,181.0,182.0,11192.0,335.0,11373.0,-153.0,1.093333333333324,1.8406593406593406,11180.714285714286,10997.0,-201.14285714285714
2023-12-14,150.0,157.0,201.0,11242.0,396.0,11399.0,-195.0,0.2286116240218128,1.9701492537313432,11219.285714285714,11049.785714285714,-189.28571428571428
2023-12-15,150.0,157.0,201.0,11242.0,396.0,11399.0,-195.0,0.0,1.9701492537313432,11257.857142857143,11102.57142857143,-177.42857142857142
2023-12-16,150.0,157.0,201.0,11242.0,396.0,11399.0,-195.0,0.0,1.9701492537313432,11296.42857142857,11155.357142857143,-165.57142857142858
2023-12-17,80.0,176.0,125.0,11092.0,456.0,11268.0,-331.0,-1.149223616106676,3.648,11320.857142857143,11187.785714285714,-181.42857142857142
2023-12-18,116.0,188.0,164.0,11149.0,364.0,11337.0,-200.0,0.6123535676251235,2.2195121951219514,11346.42857142857,11223.07142857143,-199.85714285714286
2023-12-19,105.0,185.0,158.0,11291.0,272.0,11476.0,-114.0,1.2260739172620605,1.7215189873417722,11378.714285714286,11257.714285714286,-197.57142857142858
2023-12-20,136.0,246.0,123.0,11516.0,390.0,11762.0,-267.0,2.492157546183349,3.1707317073170733,11434.285714285714,11307.5,-213.85714285714286
2023-12-21,128.0,228.0,177.0,11375.0,497.0,11603.0,-320.0,-1.3518109165107983,2.8079096045197742,11463.42857142857,11341.357142857143,-231.71428571428572
2023-12-22,128.0,228.0,177.0,11375.0,497.0,11603.0,-320.0,0.0,2.8079096045197742,11492.57142857143,11375.214285714286,-249.57142857142858
2023-12-23,128.0,228.0,177.0,11375.0,497.0,11603.0,-320.0,0.0,2.8079096045197742,11521.714285714286,11409.07142857143,-267.42857142857144
2023-12-24,128.0,228.0,177.0,11375.0,497.0,11603.0,-320.0,0.0,2.8079096045197742,11569.57142857143,11445.214285714286,-265.85714285714283
2023-12-25,90.0,196.0,205.0,11144.0,347.0,11340.0,-142.0,-2.266655175385679,1.6926829268292682,11570.0,11458.214285714286,-257.57142857142856
2023-12-26,56.0,82.0,68.0,11217.0,288.0,11299.0,-220.0,-0.36155202821869237,4.235294117647059,11544.714285714286,11461.714285714286,-272.7142857142857
2023-12-27,74.0,103.0,80.0,11206.0,335.0,11309.0,-255.0,0.08850340738117968,4.1875,11480.0,11457.142857142857,-271.0
2023-12-28,68.0,107.0,102.0,11230.0,357.0,11337.0,-255.0,0.2475904147139385,3.5,11442.0,11452.714285714286,-261.7142857142857
2023-12-29,68.0,107.0,102.0,11230.0,357.0,11337.0,-255.0,0.0,3.5,11404.0,11448.285714285714,-252.42857142857142
2023-12-30,68.0,107.0,102.0,11230.0,357.0,11337.0,-255.0,0.0,3.5,11366.0,11443.857142857143,-243.14285714285714
2023-12-31,68.0,107.0,102.0,11230.0,357.0,11337.0,-255.0,0.0,3.5,11328.0,11448.785714285714,-233.85714285714286
2024-01-01,92.0,124.0,93.0,10870.0,290.0,10994.0,-197.0,-3.0254917526682523,3.118279569892473,11278.57142857143,11424.285714285714,-241.71428571428572
2024-01-02,113.0,162.0,107.0,10770.0,316.0,10932.0,-209.0,-0.5639439694378745,2.953271028037383,11226.142857142857,11385.42857142857,-240.14285714285714
2024-01-03,106.0,196.0,131.0,10718.0,263.0,10914.0,-132.0,-0.16465422612513825,2.0076335877862594,11169.714285714286,11324.857142857143,-222.57142857142858
2024-01-04,86.0,152.0,168.0,10558.0,362.0,10710.0,-194.0,-1.869158878504673,2.1547619047619047,11080.142857142857,11261.07142857143,-213.85714285714286
2024-01-05,86.0,152.0,168.0,10558.0,362.0,10710.0,-194.0,0.0,2.1547619047619047,10990.57142857143,11197.285714285714,-205.14285714285714
2024-01-06,86.0,152.0,168.0,10558.0,362.0,10710.0,-194.0,0.0,2.1547619047619047,10901.0,11133.5,-196.42857142857142
2024-01-07,84.0,118.0,136.0,9670.0,367.0,9788.0,-231.0,-8.608776844070965,2.698529411764706,10679.714285714286,11003.857142857143,-193.0
2024-01-08,59.0,64.0,117.0,9670.0,367.0,9734.0,-250.0,-0.5516959542296695,3.1367521367521367,10499.714285714286,10889.142857142857,-200.57142857142858
2024-01-09,62.0,97.0,52.0,9311.0,286.0,9408.0,-234.0,-3.3490856790630796,5.5,10282.0,10754.07142857143,-204.14285714285714
2024-01-10,91.0,75.0,97.0,9144.0,349.0,9219.0,-252.0,-2.00892857142857,3.597938144329897,10039.857142857143,10604.785714285714,-221.28571428571428
2024-01-11,29.0,51.0,11.0,8829.0,476.0,8880.0,-465.0,-3.6771884152294154,43.27272727272727,9778.42857142857,10429.285714285714,-260.0
2024-01-12,29.0,51.0,11.0,8829.0,476.0,8880.0,-465.0,0.0,43.27272727272727,9517.0,10253.785714285714,-298.7142857142857
2024-01-13,29.0,51.0,11.0,8829.0,476.0,8880.0,-465.0,0.0,43.27272727272727,9255.57142857143,10078.285714285714,-337.42857142857144
2024-01-14,29.0,51.0,11.0,8829.0,476.0,8880.0,-465.0,0.0,43.27272727272727,9125.857142857143,9902.785714285714,-370.85714285714283
2024-01-15,33.0,53.0,34.0,8033.0,234.0,8086.0,-200.0,-8.941441441441444,6.882352941176471,8890.42857142857,9695.07142857143,-363.7142857142857
2024-01-16,32.0,49.0,39.0,8133.0,188.0,8182.0,-149.0,1.187237200098945,4.82051282051282,8715.285714285714,9498.642857142857,-351.57142857142856
2024-01-17,80.0,176.0,125.0,8072.0,353.0,8248.0,-228.0,0.8066487411390932,2.824,8576.57142857143,9308.214285714286,-348.14285714285717
2024-01-18,116.0,188.0,164.0,8042.0,359.0,8230.0,-195.0,-0.21823472356935492,2.1890243902439024,8483.714285714286,9131.07142857143,-309.57142857142856
2024-01-19,116.0,188.0,164.0,8042.0,359.0,8230.0,-195.0,0.0,2.1890243902439024,8390.857142857143,8953.92857142857,-271.0
2024-01-20,116.0,188.0,164.0,8042.0,359.0,8230.0,-195.0,0.0,2.1890243902439024,8298.0,8776.785714285714,-232.42857142857142
2024-01-21,105.0,185.0,158.0,7974.0,371.0,8159.0,-213.0,-0.8626974483596617,2.348101265822785,8195.0,8660.42857142857,-196.42857142857142
2024-01-22,136.0,246.0,123.0,8008.0,222.0,8254.0,-99.0,1.164358377252106,1.8048780487804879,8219.0,8554.714285714286,-182.0
2024-01-23,128.0,228.0,177.0,8133.0,202.0,8361.0,-25.0,1.296341167918591,1.1412429378531073,8244.57142857143,8479.92857142857,-164.28571428571428
2024-01-24,90.0,196.0,205.0,8212.0,243.0,8408.0,-38.0,0.5621337160626627,1.1853658536585365,8267.42857142857,8422.0,-137.14285714285714
2024-01-25,102.0,189.0,155.0,8180.0,293.0,8369.0,-138.0,-0.4638439581351128,1.8903225806451613,8287.285714285714,8385.5,-129.0
2024-01-26,102.0,189.0,155.0,8180.0,293.0,8369.0,-138.0,0.0,1.8903225806451613,8307.142857142857,8349.0,-120.85714285714286
2024-01-27,102.0,189.0,155.0,8180.0,293.0,8369.0,-138.0,0.0,1.8903225806451613,8327.0,8312.5,-112.71428571428571
2024-01-28,120.0,257.0,126.0,8004.0,307.0,8261.0,-181.0,-1.2904767594694722,2.4365079365079363,8341.57142857143,8268.285714285714,-108.14285714285714
2024-01-29,137.0,272.0,166.0,8057.0,195.0,8329.0,-29.0,0.8231448977121358,1.1746987951807228,8352.285714285714,8285.642857142857,-98.14285714285714
2024-01-30,93.0,198.0,208.0,8182.0,187.0,8380.0,21.0,0.6123184055708997,0.8990384615384616,8355.0,8299.785714285714,-91.57142857142857
2024-01-31,203.0,477.0,258.0,8153.0,266.0,8630.0,-8.0,2.9832935560859086,1.0310077519379846,8386.714285714286,8327.07142857143,-87.28571428571429
2024-02-01,222.0,459.0,289.0,8026.0,337.0,8485.0,-48.0,-1.6801853997682525,1.166089965397924,8403.285714285714,8345.285714285714,-74.42857142857143
2024-02-02,222.0,459.0,289.0,8026.0,337.0,8485.0,-48.0,0.0,1.166089965397924,8419.857142857143,8363.5,-61.57142857142857
2024-02-03,222.0,459.0,289.0,8026.0,337.0,8485.0,-48.0,0.0,1.166089965397924,8436.42857142857,8381.714285714286,-48.714285714285715
2024-02-04,253.0,531.0,248.0,7813.0,342.0,8344.0,-94.0,-1.6617560400707165,1.3790322580645162,8448.285714285714,8394.92857142857,-36.285714285714285
2024-02-05,157.0,466.0,345.0,7872.0,242.0,8338.0,103.0,-0.07190795781399917,0.7014492753623188,8449.57142857143,8400.92857142857,-17.428571428571427
2024-02-06,291.0,455.0,323.0,8045.0,178.0,8500.0,145.0,1.9429119692971897,0.5510835913312694,8466.714285714286,8410.857142857143,0.2857142857142857
2024-02-07,227.0,453.0,330.0,8160.0,222.0,8613.0,108.0,1.32941176470589,0.6727272727272727,8464.285714285714,8425.5,16.857142857142858
2024-02-08,298.0,499.0,358.0,8188.0,315.0,8687.0,43.0,0.8591663764077495,0.8798882681564246,8493.142857142857,8448.214285714286,29.857142857142858
2024-02-09,298.0,499.0,358.0,8188.0,315.0,8687.0,43.0,0.0,0.8798882681564246,8522.0,8470.92857142857,42.857142857142854
2024-02-10,298.0,499.0,358.0,8188.0,315.0,8687.0,43.0,0.0,0.8798882681564246,8550.857142857143,8493.642857142857,55.857142857142854
2024-02-11,205.0,515.0,226.0,8056.0,347.0,8571.0,-121.0,-1.3353286520087493,1.5353982300884956,8583.285714285714,8515.785714285714,52.0
2024-02-12,213.0,430.0,440.0,8092.0,234.0,8522.0,206.0,-0.5716952514292384,0.5318181818181819,8609.57142857143,8529.57142857143,66.71428571428571
2024-02-13,227.0,369.0,349.0,8348.0,160.0,8717.0,189.0,2.2881952593287957,0.4584527220630373,8640.57142857143,8553.642857142857,73.0
2024-02-14,185.0,322.0,272.0,8512.0,230.0,8834.0,42.0,1.3422048870024073,0.8455882352941176,8672.142857142857,8568.214285714286,63.57142857142857
2024-02-15,333.0,508.0,272.0,8463.0,312.0,8971.0,-40.0,1.5508263527280963,1.1470588235294117,8712.714285714286,8602.92857142857,51.714285714285715
2024-02-16,333.0,508.0,272.0,8463.0,312.0,8971.0,-40.0,0.0,1.1470588235294117,8753.285714285714,8637.642857142857,39.857142857142854
2024-02-17,333.0,508.0,272.0,8463.0,312.0,8971.0,-40.0,0.0,1.1470588235294117,8793.857142857143,8672.357142857143,28.0
2024-02-18,333.0,508.0,272.0,8463.0,312.0,8971.0,-40.0,0.0,1.1470588235294117,8851.0,8717.142857142857,39.57142857142857
2024-02-19,249.0,420.0,371.0,8380.0,218.0,8800.0,153.0,-1.9061420131535,0.5876010781671159,8890.714285714286,8750.142857142857,32.0
2024-02-20,149.0,395.0,273.0,8488.0,192.0,8883.0,81.0,0.9431818181818263,0.7032967032967034,8914.42857142857,8777.5,16.571428571428573
2024-02-21,232.0,430.0,318.0,8573.0,231.0,9003.0,87.0,1.3508949679162496,0.7264150943396226,8938.57142857143,8805.357142857143,23.0
2024-02-22,165.0,400.0,292.0,8607.0,293.0,9007.0,-1.0,0.04442963456625648,1.0034246575342465,8943.714285714286,8828.214285714286,28.571428571428573
2024-02-23,165.0,400.0,292.0,8607.0,293.0,9007.0,-1.0,0.0,1.0034246575342465,8948.857142857143,8851.07142857143,34.142857142857146
2024-02-24,165.0,400.0,292.0,8607.0,293.0,9007.0,-1.0,0.0,1.0034246575342465,8954.0,8873.92857142857,39.714285714285715
2024-02-25,244.0,482.0,366.0,8404.0,329.0,8886.0,37.0,-1.3433995781059194,0.8989071038251366,8941.857142857143,8896.42857142857,50.714285714285715
2024-02-26,199.0,438.0,326.0,8404.0,329.0,8842.0,-3.0,-0.4951609273013746,1.00920245398773,8947.857142857143,8919.285714285714,28.428571428571427
2024-02-27,197.0,369.0,306.0,8650.0,206.0,9019.0,100.0,2.0018095453517404,0.673202614379085,8967.285714285714,8940.857142857143,31.142857142857142
2024-02-28,209.0,447.0,274.0,8699.0,257.0,9146.0,17.0,1.4081383745426335,0.9379562043795621,8987.714285714286,8963.142857142857,21.142857142857142
2024-02-29,262.0,444.0,354.0,8724.0,299.0,9168.0,55.0,0.2405423135797058,0.844632768361582,9010.714285714286,8977.214285714286,29.142857142857142
2024-03-01,262.0,444.0,354.0,8724.0,299.0,9168.0,55.0,0.0,0.844632768361582,9033.714285714286,8991.285714285714,37.142857142857146
2024-03-02,262.0,444.0,354.0,8724.0,299.0,9168.0,55.0,0.0,0.844632768361582,9056.714285714286,9005.357142857143,45.142857142857146
2024-03-03,236.0,468.0,347.0,8594.0,354.0,9062.0,-7.0,-1.1561954624781823,1.0201729106628241,9081.857142857143,9011.857142857143,38.857142857142854
2024-03-04,225.0,509.0,340.0,8660.0,229.0,9169.0,111.0,1.1807548002648494,0.6735294117647059,9128.57142857143,9038.214285714286,55.142857142857146
2024-03-05,246.0,472.0,345.0,8800.0,214.0,9272.0,131.0,1.12335041989311,0.6202898550724638,9164.714285714286,9066.0,59.57142857142857
2024-03-06,230.0,457.0,277.0,8870.0,232.0,9327.0,45.0,0.5931837791199213,0.8375451263537906,9190.57142857143,9089.142857142857,63.57142857142857
2024-03-07,181.0,424.0,328.0,8902.0,305.0,9326.0,23.0,-0.010721561059290341,0.9298780487804879,9213.142857142857,9111.92857142857,59.0
2024-03-08,181.0,424.0,328.0,8902.0,305.0,9326.0,23.0,0.0,0.9298780487804879,9235.714285714286,9134.714285714286,54.42857142857143
2024-03-09,181.0,424.0,328.0,8902.0,305.0,9326.0,23.0,0.0,0.9298780487804879,9258.285714285714,9157.5,49.857142857142854
2024-03-10,190.0,368.0,326.0,8714.0,373.0,9082.0,-47.0,-2.6163414111087246,1.1441717791411044,9261.142857142857,9171.5,44.142857142857146
2024-03-11,178.0,336.0,290.0,8757.0,253.0,9093.0,37.0,0.12111869632238648,0.8724137931034482,9250.285714285714,9189.42857142857,33.57142857142857
2024-03-12,154.0,294.0,290.0,8843.0,213.0,9137.0,77.0,0.4838887055977015,0.7344827586206897,9231.0,9197.857142857143,25.857142857142858
2024-03-13,165.0,358.0,167.0,8819.0,239.0,9177.0,-72.0,0.43778045310276514,1.4311377245508983,9209.57142857143,9200.07142857143,9.142857142857142
2024-03-14,166.0,301.0,252.0,8695.0,310.0,8996.0,-58.0,-1.9723221096218824,1.2301587301587302,9162.42857142857,9187.785714285714,-2.4285714285714284
2024-03-15,166.0,301.0,252.0,8695.0,310.0,8996.0,-58.0,0.0,1.2301587301587302,9115.285714285714,9175.5,-14.0
2024-03-16,166.0,301.0,252.0,8695.0,310.0,8996.0,-58.0,0.0,1.2301587301587302,9068.142857142857,9163.214285714286,-25.571428571428573
2024-03-17,127.0,260.0,259.0,8373.0,342.0,8633.0,-83.0,-4.035126722987991,1.3204633204633205,9004.0,9132.57142857143,-30.714285714285715
2024-03-18,123.0,243.0,188.0,8333.0,283.0,8576.0,-95.0,-0.6602571527858259,1.5053191489361701,8930.142857142857,9090.214285714286,-49.57142857142857
2024-03-19,99.0,202.0,256.0,8390.0,197.0,8592.0,59.0,0.1865671641791078,0.76953125,8852.285714285714,9041.642857142857,-52.142857142857146
2024-03-20,91.0,181.0,174.0,8365.0,227.0,8546.0,-53.0,-0.5353817504655467,1.3045977011494252,8762.142857142857,8985.857142857143,-49.42857142857143
2024-03-21,132.0,261.0,141.0,8292.0,235.0,8553.0,-94.0,0.08190966534051825,1.6666666666666667,8698.857142857143,8930.642857142857,-54.57142857142857
2024-03-22,132.0,261.0,141.0,8292.0,235.0,8553.0,-94.0,0.0,1.6666666666666667,8635.57142857143,8875.42857142857,-59.714285714285715
2024-03-23,132.0,261.0,141.0,8292.0,235.0,8553.0,-94.0,0.0,1.6666666666666667,8572.285714285714,8820.214285714286,-64.85714285714286
2024-03-24,124.0,264.0,221.0,7899.0,373.0,8163.0,-152.0,-4.559803577692034,1.6877828054298643,8505.142857142857,8754.57142857143,-74.71428571428571
2024-03-25,128.0,242.0,224.0,7899.0,229.0,8141.0,-5.0,-0.26950875903466454,1.0223214285714286,8443.0,8686.57142857143,-61.857142857142854
2024-03-26,187.0,276.0,200.0,7919.0,208.0,8195.0,-8.0,0.6633091757769272,1.04,8386.285714285714,8619.285714285714,-71.42857142857143
2024-03-27,129.0,287.0,185.0,7893.0,215.0,8180.0,-30.0,-0.18303843807199183,1.162162162162162,8334.0,8548.07142857143,-68.14285714285714
2024-03-28,161.0,288.0,248.0,7762.0,360.0,8050.0,-112.0,-1.58924205378973,1.4516129032258065,8262.142857142857,8480.5,-70.71428571428571
2024-03-29,161.0,288.0,248.0,7762.0,360.0,8050.0,-112.0,0.0,1.4516129032258065,8190.285714285715,8412.92857142857,-73.28571428571429
2024-03-30,161.0,288.0,248.0,7762.0,360.0,8050.0,-112.0,0.0,1.4516129032258065,8118.428571428572,8345.357142857143,-75.85714285714286
2024-03-31,105.0,254.0,151.0,7257.0,287.0,7511.0,-136.0,-6.695652173913047,1.900662251655629,8025.285714285715,8265.214285714286,-73.57142857142857
2024-04-01,109.0,235.0,171.0,7271.0,172.0,7506.0,-1.0,-0.06656903208627218,1.0058479532163742,7934.571428571428,8188.785714285715,-73.0
2024-04-02,101.0,230.0,175.0,7340.0,132.0,7570.0,43.0,0.8526512123634422,0.7542857142857143,7845.285714285715,8115.785714285715,-65.71428571428571
2024-04-03,124.0,230.0,190.0,7346.0,163.0,7576.0,27.0,0.07926023778070945,0.8578947368421053,7759.0,8046.5,-57.57142857142857
2024-04-04,95.0,226.0,152.0,7317.0,225.0,7543.0,-73.0,-0.4355860612460405,1.480263157894737,7686.571428571428,7974.357142857143,-52.0
2024-04-05,95.0,226.0,152.0,7317.0,225.0,7543.0,-73.0,0.0,1.480263157894737,7614.142857142857,7902.214285714285,-46.42857142857143
2024-04-06,95.0,226.0,152.0,7317.0,225.0,7543.0,-73.0,0.0,1.480263157894737,7541.714285714285,7830.071428571428,-40.857142857142854
2024-04-07,106.0,239.0,233.0,6982.0,279.0,7221.0,-46.0,-4.268858544345755,1.1974248927038627,7500.285714285715,7762.785714285715,-28.0
2024-04-08,102.0,230.0,167.0,6988.0,199.0,7218.0,-32.0,-0.041545492314087884,1.1916167664670658,7459.142857142857,7696.857142857143,-32.42857142857143
2024-04-09,118.0,231.0,217.0,7043.0,130.0,7274.0,87.0,0.775838182321964,0.5990783410138248,7416.857142857143,7631.071428571428,-26.142857142857142
2024-04-10,117.0,244.0,142.0,6999.0,227.0,7243.0,-85.0,-0.42617541930162206,1.5985915492957747,7369.285714285715,7564.142857142857,-42.142857142857146
2024-04-11,183.0,221.0,220.0,6912.0,285.0,7133.0,-65.0,-1.518707717796497,1.2954545454545454,7310.714285714285,7498.642857142857,-41.0
2024-04-12,183.0,221.0,220.0,6912.0,285.0,7133.0,-65.0,0.0,1.2954545454545454,7252.142857142857,7433.142857142857,-39.857142857142854
2024-04-13,183.0,221.0,220.0,6912.0,285.0,7133.0,-65.0,0.0,1.2954545454545454,7193.571428571428,7367.642857142857,-38.714285714285715
2024-04-14,128.0,245.0,243.0,6630.0,290.0,6875.0,-47.0,-3.6169914481985144,1.1934156378600822,7144.142857142857,7322.214285714285,-38.857142857142854
2024-04-15,144.0,303.0,176.0,6681.0,191.0,6984.0,-15.0,1.5854545454545566,1.0852272727272727,7110.714285714285,7284.928571428572,-36.42857142857143
2024-04-16,219.0,392.0,205.0,6685.0,163.0,7077.0,42.0,1.3316151202749094,0.7951219512195122,7082.571428571428,7249.714285714285,-42.857142857142854
2024-04-17,182.0,371.0,274.0,6725.0,227.0,7096.0,47.0,0.2684753426593245,0.8284671532846716,7061.571428571428,7215.428571428572,-24.0
2024-04-18,144.0,322.0,258.0,6728.0,260.0,7050.0,-2.0,-0.6482525366403591,1.0077519379844961,7049.714285714285,7180.214285714285,-15.0
2024-04-19,144.0,322.0,258.0,6728.0,260.0,7050.0,-2.0,0.0,1.0077519379844961,7037.857142857143,7145.0,-6.0
2024-04-20,144.0,322.0,258.0,6728.0,260.0,7050.0,-2.0,0.0,1.0077519379844961,7026.0,7109.785714285715,3.0
2024-04-21,208.0,380.0,343.0,6745.0,240.0,7125.0,103.0,1.0638297872340496,0.6997084548104956,7061.714285714285,7102.928571428572,24.428571428571427
2024-04-22,176.0,424.0,251.0,6799.0,214.0,7223.0,37.0,1.3754385964912297,0.852589641434263,7095.857142857143,7103.285714285715,31.857142857142858
2024-04-23,252.0,427.0,307.0,6967.0,134.0,7394.0,173.0,2.367437352900459,0.4364820846905538,7141.142857142857,7111.857142857143,50.57142857142857
2024-04-24,253.0,411.0,307.0,7128.0,154.0,7539.0,153.0,1.9610494995942584,0.501628664495114,7204.428571428572,7133.0,65.71428571428571
2024-04-25,145.0,357.0,333.0,7209.0,217.0,7566.0,116.0,0.35813768404298063,0.6516516516516516,7278.142857142857,7163.928571428572,82.57142857142857
2024-04-26,145.0,357.0,333.0,7209.0,217.0,7566.0,116.0,0.0,0.6516516516516516,7351.857142857143,7194.857142857143,99.42857142857143
2024-04-27,145.0,357.0,333.0,7209.0,217.0,7566.0,116.0,0.0,0.6516516516516516,7425.571428571428,7225.785714285715,116.28571428571429
2024-04-28,158.0,349.0,365.0,7298.0,250.0,7647.0,115.0,1.0705789056304482,0.684931506849315,7500.142857142857,7280.928571428572,118.0
2024-04-29,140.0,292.0,255.0,7373.0,187.0,7665.0,68.0,0.23538642604943316,0.7333333333333333,7563.285714285715,7329.571428571428,122.42857142857143
2024-04-30,220.0,443.0,194.0,7431.0,135.0,7874.0,59.0,2.726679712981084,0.6958762886597938,7631.857142857143,7386.5,106.14285714285714
2024-05-01,197.0,437.0,295.0,7508.0,190.0,7945.0,105.0,0.9017018034036095,0.6440677966101694,7689.857142857143,7447.142857142857,99.28571428571429
2024-05-02,206.0,411.0,293.0,7577.0,194.0,7988.0,99.0,0.5412208936437901,0.6621160409556314,7750.142857142857,7514.142857142857,96.85714285714286
2024-05-03,206.0,411.0,293.0,7577.0,194.0,7988.0,99.0,0.0,0.6621160409556314,7810.428571428572,7581.142857142857,94.42857142857143
2024-05-04,206.0,411.0,293.0,7577.0,194.0,7988.0,99.0,0.0,0.6621160409556314,7870.714285714285,7648.142857142857,92.0
2024-05-05,150.0,315.0,228.0,7447.0,332.0,7762.0,-104.0,-2.829243865798703,1.456140350877193,7887.142857142857,7693.642857142857,60.714285714285715
2024-05-06,173.0,337.0,211.0,7449.0,205.0,7786.0,6.0,0.30919866013914277,0.9715639810426541,7904.428571428572,7733.857142857143,51.857142857142854
2024-05-07,176.0,334.0,246.0,7566.0,163.0,7900.0,83.0,1.4641664526072518,0.6626016260162602,7908.142857142857,7770.0,55.285714285714285
2024-05-08,167.0,374.0,205.0,7583.0,202.0,7957.0,3.0,0.7215189873417627,0.9853658536585366,7909.857142857143,7799.857142857143,40.714285714285715
2024-05-09,138.0,285.0,268.0,7570.0,244.0,7855.0,24.0,-1.2818901596078902,0.9104477611940298,7890.857142857143,7820.5,30.0
2024-05-10,138.0,285.0,268.0,7570.0,244.0,7855.0,24.0,0.0,0.9104477611940298,7871.857142857143,7841.142857142857,19.285714285714285
2024-05-11,138.0,285.0,268.0,7570.0,244.0,7855.0,24.0,0.0,0.9104477611940298,7852.857142857143,7861.785714285715,8.571428571428571
2024-05-12,138.0,301.0,263.0,7464.0,245.0,7765.0,18.0,-1.145767027371103,0.9315589353612167,7853.285714285715,7870.214285714285,26.0
2024-05-13,112.0,331.0,167.0,7499.0,157.0,7830.0,10.0,0.8370895041854398,0.9401197604790419,7859.571428571428,7882.0,26.571428571428573
2024-05-14,246.0,419.0,218.0,7546.0,186.0,7965.0,32.0,1.724137931034475,0.8532110091743119,7868.857142857143,7888.5,19.285714285714285
2024-05-15,115.0,285.0,341.0,7589.0,265.0,7874.0,76.0,-1.1424984306340202,0.7771260997067448,7857.0,7883.428571428572,29.714285714285715
2024-05-16,206.0,340.0,214.0,7565.0,234.0,7905.0,-20.0,0.3937007874015741,1.0934579439252337,7864.142857142857,7877.5,23.428571428571427
2024-05-17,206.0,340.0,214.0,7565.0,234.0,7905.0,-20.0,0.0,1.0934579439252337,7871.285714285715,7871.571428571428,17.142857142857142
2024-05-18,206.0,340.0,214.0,7565.0,234.0,7905.0,-20.0,0.0,1.0934579439252337,7878.428571428572,7865.642857142857,10.857142857142858
2024-05-19,143.0,295.0,278.0,7356.0,298.0,7651.0,-20.0,-3.2131562302340266,1.0719424460431655,7862.142857142857,7857.714285714285,5.428571428571429
2024-05-20,111.0,268.0,217.0,7368.0,192.0,7636.0,25.0,-0.19605280355509125,0.8847926267281107,7834.428571428572,7847.0,7.571428571428571
2024-05-21,196.0,348.0,176.0,7404.0,145.0,7752.0,31.0,1.5191199580932402,0.8238636363636364,7804.0,7836.428571428572,7.428571428571429
2024-05-22,168.0,349.0,272.0,7474.0,208.0,7823.0,64.0,0.9158926728586092,0.7647058823529411,7796.714285714285,7826.857142857143,5.714285714285714
2024-05-23,193.0,272.0,314.0,7494.0,227.0,7766.0,87.0,-0.7286207337338646,0.7229299363057324,7776.857142857143,7820.5,21.0
2024-05-24,193.0,272.0,314.0,7494.0,227.0,7766.0,87.0,0.0,0.7229299363057324,7757.0,7814.142857142857,36.285714285714285
2024-05-25,193.0,272.0,314.0,7494.0,227.0,7766.0,87.0,0.0,0.7229299363057324,7737.142857142857,7807.785714285715,51.57142857142857
2024-05-26,193.0,272.0,314.0,7494.0,227.0,7766.0,87.0,0.0,0.7229299363057324,7753.571428571428,7807.857142857143,66.85714285714286
2024-05-27,156.0,344.0,252.0,7365.0,167.0,7709.0,85.0,-0.7339685809940821,0.6626984126984127,7764.0,7799.214285714285,75.42857142857143
2024-05-28,153.0,348.0,239.0,7418.0,151.0,7766.0,88.0,0.7393955117395157,0.6317991631799164,7766.0,7785.0,83.57142857142857
2024-05-29,182.0,462.0,158.0,7491.0,141.0,7953.0,17.0,2.4079320113314484,0.8924050632911392,7784.571428571428,7790.642857142857,76.85714285714286
2024-05-30,167.0,406.0,339.0,7563.0,190.0,7969.0,149.0,0.20118194392053645,0.56047197640118,7813.571428571428,7795.214285714285,85.71428571428571
2024-05-31,167.0,406.0,339.0,7563.0,190.0,7969.0,149.0,0.0,0.56047197640118,7842.571428571428,7799.785714285715,94.57142857142857
2024-06-01,167.0,406.0,339.0,7563.0,190.0,7969.0,149.0,0.0,0.56047197640118,7871.571428571428,7804.357142857143,103.42857142857143
2024-06-02,159.0,330.0,322.0,7546.0,306.0,7876.0,16.0,-1.1670222110678918,0.9503105590062112,7887.285714285715,7820.428571428572,93.28571428571429
2024-06-03,109.0,244.0,257.0,7596.0,224.0,7840.0,33.0,-0.45708481462671813,0.8715953307392996,7906.0,7835.0,85.85714285714286
2024-06-04,260.0,356.0,176.0,7565.0,203.0,7921.0,-27.0,1.033163265306114,1.1534090909090908,7928.142857142857,7847.071428571428,69.42857142857143
2024-06-05,173.0,345.0,291.0,7691.0,198.0,8036.0,93.0,1.4518368892816547,0.6804123711340206,7940.0,7862.285714285715,80.28571428571429
2024-06-06,179.0,326.0,282.0,7741.0,238.0,8067.0,44.0,0.3857640617222602,0.8439716312056738,7954.0,7883.785714285715,65.28571428571429
2024-06-07,179.0,326.0,282.0,7741.0,238.0,8067.0,44.0,0.0,0.8439716312056738,7968.0,7905.285714285715,50.285714285714285
2024-06-08,179.0,326.0,282.0,7741.0,238.0,8067.0,44.0,0.0,0.8439716312056738,7982.0,7926.785714285715,35.285714285714285
2024-06-09,116.0,289.0,166.0,7451.0,312.0,7740.0,-146.0,-4.0535515061361105,1.8795180722891567,7962.571428571428,7924.928571428572,12.142857142857142
2024-06-10,184.0,334.0,229.0,7439.0,212.0,7773.0,17.0,0.426356589147292,0.925764192139738,7953.0,7929.5,9.857142857142858
2024-06-11,186.0,352.0,224.0,7493.0,156.0,7845.0,68.0,0.9262832883056626,0.6964285714285714,7942.142857142857,7935.142857142857,23.428571428571427
2024-06-12,152.0,266.0,274.0,7548.0,212.0,7814.0,62.0,-0.39515615041427754,0.7737226277372263,7910.428571428572,7925.214285714285,19.0
2024-06-13,167.0,293.0,230.0,7544.0,259.0,7837.0,-29.0,0.2943434860506855,1.126086956521739,7877.571428571428,7915.785714285715,8.571428571428571
2024-06-14,167.0,293.0,230.0,7544.0,259.0,7837.0,-29.0,0.0,1.126086956521739,7844.714285714285,7906.357142857143,-1.8571428571428572
2024-06-15,167.0,293.0,230.0,7544.0,259.0,7837.0,-29.0,0.0,1.126086956521739,7811.857142857143,7896.928571428572,-12.285714285714286
2024-06-16,204.0,315.0,233.0,7307.0,294.0,7622.0,-61.0,-2.7433967079239507,1.261802575107296,7795.0,7878.785714285715,-0.14285714285714285
2024-06-17,159.0,310.0,272.0,7318.0,224.0,7628.0,48.0,0.07871949619522312,0.8235294117647058,7774.285714285715,7863.642857142857,4.285714285714286
2024-06-18,160.0,297.0,253.0,7340.0,214.0,7637.0,39.0,0.11798636601991763,0.8458498023715415,7744.571428571428,7843.357142857143,0.14285714285714285
2024-06-19,204.0,321.0,246.0,7433.0,198.0,7754.0,48.0,1.5320151892104228,0.8048780487804879,7736.0,7823.214285714285,-1.8571428571428572
2024-06-20,145.0,247.0,243.0,7431.0,235.0,7678.0,8.0,-0.9801392829507316,0.9670781893004116,7713.285714285715,7795.428571428572,3.4285714285714284
2024-06-21,145.0,247.0,243.0,7431.0,235.0,7678.0,8.0,0.0,0.9670781893004116,7690.571428571428,7767.642857142857,8.714285714285714
2024-06-22,145.0,247.0,243.0,7431.0,235.0,7678.0,8.0,0.0,0.9670781893004116,7667.857142857143,7739.857142857143,14.0
2024-06-23,102.0,227.0,201.0,7247.0,294.0,7474.0,-93.0,-2.6569419119562343,1.462686567164179,7646.714285714285,7720.857142857143,9.428571428571429
2024-06-24,116.0,175.0,172.0,7239.0,202.0,7414.0,-30.0,-0.8027829810008047,1.1744186046511629,7616.142857142857,7695.214285714285,-1.7142857142857142
2024-06-25,172.0,263.0,191.0,7239.0,202.0,7502.0,-11.0,1.1869436201780381,1.057591623036649,7596.857142857143,7670.714285714285,-8.857142857142858
2024-06-26,132.0,235.0,197.0,7268.0,187.0,7503.0,10.0,0.013329778725679198,0.949238578680203,7561.0,7648.5,-14.285714285714286
2024-06-27,174.0,208.0,256.0,7248.0,268.0,7456.0,-12.0,-0.6264161002265789,1.046875,7529.285714285715,7621.285714285715,-17.142857142857142
2024-06-28,174.0,208.0,256.0,7248.0,268.0,7456.0,-12.0,0.0,1.046875,7497.571428571428,7594.071428571428,-20.0
2024-06-29,174.0,208.0,256.0,7248.0,268.0,7456.0,-12.0,0.0,1.046875,7465.857142857143,7566.857142857143,-22.857142857142858
2024-06-30,123.0,230.0,167.0,6874.0,273.0,7104.0,-106.0,-4.72103004291845,1.6347305389221556,7413.0,7529.857142857143,-24.714285714285715
2024-07-01,123.0,233.0,159.0,6825.0,229.0,7058.0,-70.0,-0.6475225225225256,1.440251572327044,7362.142857142857,7489.142857142857,-30.428571428571427
2024-07-02,141.0,232.0,188.0,6823.0,184.0,7055.0,4.0,-0.042504958911870894,0.9787234042553191,7298.285714285715,7447.571428571428,-28.285714285714285
2024-07-03,141.0,232.0,188.0,6823.0,184.0,7055.0,4.0,0.0,0.9787234042553191,7234.285714285715,7397.642857142857,-29.142857142857142
2024-07-04,158.0,226.0,191.0,6790.0,225.0,7016.0,-34.0,-0.5527994330262187,1.1780104712041886,7171.428571428572,7350.357142857143,-32.285714285714285
2024-07-05,158.0,226.0,191.0,6790.0,225.0,7016.0,-34.0,0.0,1.1780104712041886,7108.571428571428,7303.071428571428,-35.42857142857143
2024-07-06,158.0,226.0,191.0,6790.0,225.0,7016.0,-34.0,0.0,1.1780104712041886,7045.714285714285,7255.785714285715,-38.57142857142857
2024-07-07,96.0,160.0,233.0,6599.0,213.0,6759.0,20.0,-3.6630558722919093,0.9141630901287554,6996.428571428572,7204.714285714285,-20.571428571428573
2024-07-08,141.0,173.0,129.0,6617.0,123.0,6790.0,6.0,0.458647728953987,0.9534883720930233,6958.142857142857,7160.142857142857,-9.714285714285714
2024-07-09,116.0,181.0,182.0,6651.0,130.0,6832.0,52.0,0.6185567010309256,0.7142857142857143,6926.285714285715,7112.285714285715,-2.857142857142857
2024-07-10,150.0,157.0,201.0,6649.0,177.0,6806.0,24.0,-0.38056206088993294,0.8805970149253731,6890.714285714285,7062.5,0.0
2024-07-11,80.0,176.0,125.0,6640.0,197.0,6816.0,-72.0,0.1469291801351691,1.576,6862.142857142857,7016.785714285715,-5.428571428571429
2024-07-12,80.0,176.0,125.0,6640.0,197.0,6816.0,-72.0,0.0,1.576,6833.571428571428,6971.071428571428,-10.857142857142858
2024-07-13,80.0,176.0,125.0,6640.0,197.0,6816.0,-72.0,0.0,1.576,6805.0,6925.357142857143,-16.285714285714285
2024-07-14,116.0,188.0,164.0,6308.0,237.0,6496.0,-73.0,-4.694835680751175,1.4451219512195121,6767.428571428572,6881.928571428572,-29.571428571428573
2024-07-15,105.0,185.0,158.0,6283.0,171.0,6468.0,-13.0,-0.4310344827586188,1.0822784810126582,6721.428571428572,6839.785714285715,-32.285714285714285
2024-07-16,136.0,246.0,123.0,6239.0,173.0,6485.0,-50.0,0.26283240568953925,1.4065040650406504,6671.857142857143,6799.071428571428,-46.857142857142854
2024-07-17,128.0,228.0,177.0,6228.0,187.0,6456.0,-10.0,-0.44718581341557373,1.0564971751412429,6621.857142857143,6756.285714285715,-51.714285714285715
2024-07-18,128.0,228.0,177.0,6228.0,187.0,6456.0,-10.0,0.0,1.0564971751412429,6570.428571428572,6716.285714285715,-42.857142857142854
2024-07-19,128.0,228.0,177.0,6228.0,187.0,6456.0,-10.0,0.0,1.0564971751412429,6519.0,6676.285714285715,-34.0
2024-07-20,128.0,228.0,177.0,6228.0,187.0,6456.0,-10.0,0.0,1.0564971751412429,6467.571428571428,6636.285714285715,-25.142857142857142
2024-07-21,90.0,196.0,205.0,6058.0,262.0,6254.0,-57.0,-3.1288723667905805,1.278048780487805,6433.0,6600.214285714285,-22.857142857142858
2024-07-22,102.0,189.0,155.0,6002.0,234.0,6191.0,-79.0,-1.0073552926127327,1.5096774193548388,6393.428571428572,6557.428571428572,-32.285714285714285
2024-07-23,120.0,257.0,126.0,5965.0,170.0,6222.0,-44.0,0.500726861573253,1.3492063492063493,6355.857142857143,6513.857142857143,-31.428571428571427
2024-07-24,137.0,272.0,166.0,5927.0,177.0,6199.0,-11.0,-0.3696560591449738,1.0662650602409638,6319.142857142857,6470.5,-31.571428571428573
2024-07-25,93.0,198.0,208.0,5954.0,194.0,6152.0,14.0,-0.7581868043232798,0.9326923076923077,6275.714285714285,6423.071428571428,-28.142857142857142
2024-07-26,93.0,198.0,208.0,5954.0,194.0,6152.0,14.0,0.0,0.9326923076923077,6232.285714285715,6375.642857142857,-24.714285714285715
2024-07-27,93.0,198.0,208.0,5954.0,194.0,6152.0,14.0,0.0,0.9326923076923077,6188.857142857143,6328.214285714285,-21.285714285714285
2024-07-28,152.0,290.0,199.0,5743.0,207.0,6033.0,-8.0,-1.934330299089726,1.0402010050251256,6157.285714285715,6295.142857142857,-14.285714285714286
2024-07-29,114.0,210.0,219.0,5819.0,163.0,6029.0,56.0,-0.06630200563566557,0.7442922374429224,6134.142857142857,6263.785714285715,5.0
2024-07-30,125.0,203.0,208.0,5930.0,92.0,6133.0,116.0,1.724995853375355,0.4423076923076923,6121.428571428572,6238.642857142857,27.857142857142858
2024-07-31,140.0,261.0,163.0,5963.0,154.0,6224.0,9.0,1.4837762921897868,0.9447852760736196,6125.0,6222.071428571428,30.714285714285715
2024-08-01,227.0,298.0,212.0,6016.0,169.0,6314.0,43.0,1.4460154241645151,0.7971698113207547,6148.142857142857,6211.928571428572,34.857142857142854
2024-08-02,227.0,298.0,212.0,6016.0,169.0,6314.0,43.0,0.0,0.7971698113207547,6171.285714285715,6201.785714285715,39.0
2024-08-03,227.0,298.0,212.0,6016.0,169.0,6314.0,43.0,0.0,0.7971698113207547,6194.428571428572,6191.642857142857,43.142857142857146
2024-08-04,63.0,167.0,143.0,5943.0,170.0,6110.0,-27.0,-3.230915426037373,1.1888111888111887,6205.428571428572,6181.357142857143,40.42857142857143
2024-08-05,172.0,259.0,138.0,5950.0,150.0,6209.0,-12.0,1.6202945990180018,1.0869565217391304,6231.142857142857,6182.642857142857,30.714285714285715
2024-08-06,163.0,283.0,200.0,5998.0,143.0,6281.0,57.0,1.1596070220647459,0.715,6252.285714285715,6186.857142857143,22.285714285714285
2024-08-07,135.0,273.0,207.0,6038.0,174.0,6311.0,33.0,0.4776309504855858,0.8405797101449275,6264.714285714285,6194.857142857143,25.714285714285715
2024-08-08,119.0,230.0,213.0,6084.0,174.0,6314.0,39.0,0.04753604816987167,0.8169014084507042,6264.714285714285,6206.428571428572,25.142857142857142
2024-08-09,119.0,230.0,213.0,6084.0,174.0,6314.0,39.0,0.0,0.8169014084507042,6264.714285714285,6218.0,24.571428571428573
2024-08-10,119.0,230.0,213.0,6084.0,174.0,6314.0,39.0,0.0,0.8169014084507042,6264.714285714285,6229.571428571428,24.0
2024-08-11,95.0,211.0,140.0,5894.0,249.0,6105.0,-109.0,-3.3101045296167197,1.7785714285714285,6264.0,6234.714285714285,12.285714285714286
2024-08-12,109.0,219.0,155.0,5903.0,148.0,6122.0,7.0,0.27846027846027965,0.9548387096774194,6251.571428571428,6241.357142857143,15.0
2024-08-13,162.0,239.0,189.0,5981.0,123.0,6220.0,66.0,1.6007840574975507,0.6507936507936508,6242.857142857143,6247.571428571428,16.285714285714285
2024-08-14,109.0,226.0,191.0,5987.0,178.0,6213.0,13.0,-0.11254019292604722,0.9319371727748691,6228.857142857143,6246.785714285715,13.428571428571429
2024-08-15,124.0,241.0,156.0,5895.0,220.0,6136.0,-64.0,-1.2393368742958266,1.4102564102564104,6203.428571428572,6234.071428571428,-1.2857142857142858
2024-08-16,124.0,241.0,156.0,5895.0,220.0,6136.0,-64.0,0.0,1.4102564102564104,6178.0,6221.357142857143,-16.0
2024-08-17,124.0,241.0,156.0,5895.0,220.0,6136.0,-64.0,0.0,1.4102564102564104,6152.571428571428,6208.642857142857,-30.714285714285715
2024-08-18,86.0,244.0,235.0,5821.0,178.0,6065.0,57.0,-1.1571056062581464,0.7574468085106383,6146.857142857143,6205.428571428572,-7.0
2024-08-19,176.0,254.0,162.0,5865.0,158.0,6119.0,4.0,0.8903544929925733,0.9753086419753086,6146.428571428572,6199.0,-7.428571428571429
2024-08-20,136.0,274.0,245.0,5995.0,112.0,6269.0,133.0,2.45138094459878,0.45714285714285713,6153.428571428572,6198.142857142857,2.142857142857143
2024-08-21,134.0,245.0,167.0,6028.0,156.0,6273.0,11.0,0.06380602966979954,0.9341317365269461,6162.0,6195.428571428572,1.8571428571428572
2024-08-22,182.0,307.0,205.0,6054.0,171.0,6361.0,34.0,1.4028375577873398,0.8341463414634146,6194.142857142857,6198.785714285715,15.857142857142858
2024-08-23,182.0,307.0,205.0,6054.0,171.0,6361.0,34.0,0.0,0.8341463414634146,6226.285714285715,6202.142857142857,29.857142857142858
2024-08-24,182.0,307.0,205.0,6054.0,171.0,6361.0,34.0,0.0,0.8341463414634146,6258.428571428572,6205.5,43.857142857142854
2024-08-25,182.0,307.0,205.0,6054.0,171.0,6361.0,34.0,0.0,0.8341463414634146,6300.714285714285,6223.785714285715,40.57142857142857
2024-08-26,182.0,307.0,205.0,6054.0,171.0,6361.0,34.0,0.0,0.8341463414634146,6335.285714285715,6240.857142857143,44.857142857142854
2024-08-27,149.0,285.0,222.0,6152.0,97.0,6437.0,125.0,1.1947806948592987,0.4369369369369369,6359.285714285715,6256.357142857143,43.714285714285715
2024-08-28,170.0,285.0,178.0,6227.0,134.0,6512.0,44.0,1.1651390399254336,0.7528089887640449,6393.428571428572,6277.714285714285,48.42857142857143
2024-08-29,145.0,295.0,188.0,6250.0,169.0,6545.0,19.0,0.5067567567567544,0.898936170212766,6419.714285714285,6306.928571428572,46.285714285714285
2024-08-30,145.0,295.0,188.0,6250.0,169.0,6545.0,19.0,0.0,0.898936170212766,6446.0,6336.142857142857,44.142857142857146
2024-08-31,145.0,295.0,188.0,6250.0,169.0,6545.0,19.0,0.0,0.898936170212766,6472.285714285715,6365.357142857143,42.0
2024-09-01,145.0,295.0,188.0,6250.0,169.0,6545.0,19.0,0.0,0.898936170212766,6498.571428571428,6399.642857142857,39.857142857142854
2024-09-02,133.0,270.0,198.0,6192.0,129.0,6462.0,69.0,-1.268143621084794,0.6515151515151515,6513.0,6424.142857142857,44.857142857142854
2024-09-03,131.0,263.0,177.0,6272.0,112.0,6535.0,65.0,1.1296812132466805,0.632768361581921,6527.0,6443.142857142857,36.285714285714285
2024-09-04,121.0,231.0,219.0,6375.0,114.0,6606.0,105.0,1.0864575363427775,0.5205479452054794,6540.428571428572,6466.928571428572,45.0
2024-09-05,126.0,230.0,175.0,6448.0,121.0,6678.0,54.0,1.089918256130784,0.6914285714285714,6559.428571428572,6489.571428571428,50.0
2024-09-06,126.0,230.0,175.0,6448.0,121.0,6678.0,54.0,0.0,0.6914285714285714,6578.428571428572,6512.214285714285,55.0
2024-09-07,126.0,230.0,175.0,6448.0,121.0,6678.0,54.0,0.0,0.6914285714285714,6597.428571428572,6534.857142857143,60.0
2024-09-08,123.0,255.0,164.0,6312.0,221.0,6567.0,-57.0,-1.6621743036837389,1.3475609756097562,6600.571428571428,6549.571428571428,49.142857142857146
2024-09-09,144.0,275.0,190.0,6353.0,141.0,6628.0,49.0,0.928886858535094,0.7421052631578947,6624.285714285715,6568.642857142857,46.285714285714285
2024-09-10,131.0,251.0,180.0,6396.0,148.0,6647.0,32.0,0.28666264333132574,0.8222222222222222,6640.285714285715,6583.642857142857,41.57142857142857
2024-09-11,93.0,248.0,175.0,6410.0,162.0,6658.0,13.0,0.16548819016097838,0.9257142857142857,6647.714285714285,6594.071428571428,28.428571428571427
2024-09-12,184.0,280.0,210.0,6360.0,220.0,6640.0,-10.0,-0.270351456893958,1.0476190476190477,6642.285714285715,6600.857142857143,19.285714285714285
2024-09-13,81.0,200.0,212.0,6326.0,279.0,6526.0,-67.0,-1.7168674698795128,1.3160377358490567,6620.571428571428,6599.5,2.0
2024-09-14,81.0,200.0,212.0,6326.0,279.0,6526.0,-67.0,0.0,1.3160377358490567,6598.857142857143,6598.142857142857,-15.285714285714286
2024-09-15,98.0,220.0,167.0,6234.0,210.0,6454.0,-43.0,-1.1032791909285966,1.2574850299401197,6582.714285714285,6591.642857142857,-13.285714285714286
2024-09-16,113.0,209.0,160.0,6229.0,164.0,6438.0,-4.0,-0.24790827393864623,1.025,6555.571428571428,6589.928571428572,-20.857142857142858
2024-09-17,159.0,304.0,139.0,6227.0,160.0,6531.0,-21.0,1.4445479962721386,1.1510791366906474,6539.0,6589.642857142857,-28.428571428571427
2024-09-18,116.0,213.0,217.0,6245.0,149.0,6458.0,68.0,-1.1177461338233052,0.6866359447004609,6510.428571428572,6579.071428571428,-20.571428571428573
2024-09-19,93.0,196.0,169.0,6270.0,188.0,6466.0,-19.0,0.12387736141219463,1.1124260355029585,6485.571428571428,6563.928571428572,-21.857142857142858
2024-09-20,93.0,196.0,169.0,6270.0,188.0,6466.0,-19.0,0.0,1.1124260355029585,6477.0,6548.785714285715,-15.0
2024-09-21,93.0,196.0,169.0,6270.0,188.0,6466.0,-19.0,0.0,1.1124260355029585,6468.428571428572,6533.642857142857,-8.142857142857142
2024-09-22,124.0,234.0,161.0,5989.0,197.0,6223.0,-36.0,-3.7581193937519353,1.2236024844720497,6435.428571428572,6509.071428571428,-7.142857142857143
2024-09-23,92.0,203.0,173.0,6002.0,165.0,6205.0,8.0,-0.28924955809095376,0.953757225433526,6402.142857142857,6478.857142857143,-5.428571428571429
2024-09-24,186.0,259.0,172.0,6023.0,143.0,6282.0,29.0,1.2409347300563978,0.8313953488372093,6366.571428571428,6452.785714285715,1.7142857142857142
2024-09-25,154.0,225.0,220.0,6050.0,169.0,6275.0,51.0,-0.11142948105699046,0.7681818181818182,6340.428571428572,6425.428571428572,-0.7142857142857143
2024-09-26,91.0,199.0,172.0,6090.0,185.0,6289.0,-13.0,0.223107569721126,1.0755813953488371,6315.142857142857,6400.357142857143,0.14285714285714285
2024-09-27,91.0,199.0,172.0,6090.0,185.0,6289.0,-13.0,0.0,1.0755813953488371,6289.857142857143,6383.428571428572,1.0
2024-09-28,91.0,199.0,172.0,6090.0,185.0,6289.0,-13.0,0.0,1.0755813953488371,6264.571428571428,6366.5,1.8571428571428572
2024-09-29,81.0,213.0,153.0,5925.0,177.0,6138.0,-24.0,-2.401017649864845,1.1568627450980393,6252.428571428572,6343.928571428572,3.5714285714285716
2024-09-30,209.0,285.0,184.0,5967.0,138.0,6252.0,46.0,1.8572825024437911,0.75,6259.142857142857,6330.642857142857,9.0
2024-10-01,184.0,314.0,217.0,6040.0,137.0,6354.0,80.0,1.6314779270633295,0.631336405529954,6269.428571428572,6318.0,16.285714285714285
2024-10-02,107.0,215.0,230.0,6091.0,173.0,6306.0,57.0,-0.7554296506137814,0.7521739130434782,6273.857142857143,6307.142857142857,17.142857142857142
2024-10-03,101.0,162.0,178.0,6118.0,193.0,6280.0,-15.0,-0.4123057405645447,1.0842696629213484,6272.571428571428,6293.857142857143,16.857142857142858
2024-10-04,101.0,162.0,178.0,6118.0,193.0,6280.0,-15.0,0.0,1.0842696629213484,6271.285714285715,6280.571428571428,16.571428571428573
2024-10-05,101.0,162.0,178.0,6118.0,193.0,6280.0,-15.0,0.0,1.0842696629213484,6270.0,6267.285714285715,16.285714285714285
2024-10-06,101.0,162.0,178.0,6118.0,193.0,6280.0,-15.0,0.0,1.0842696629213484,6290.285714285715,6271.357142857143,17.571428571428573
2024-10-07,99.0,190.0,176.0,5968.0,153.0,6158.0,23.0,-1.942675159235674,0.8693181818181818,6276.857142857143,6268.0,14.285714285714286
2024-10-08,167.0,239.0,166.0,6013.0,123.0,6252.0,43.0,1.5264696329977179,0.7409638554216867,6262.285714285715,6265.857142857143,9.0
2024-10-09,115.0,216.0,169.0,6047.0,137.0,6263.0,32.0,0.175943698016634,0.8106508875739645,6256.142857142857,6265.0,5.428571428571429
2024-10-10,84.0,158.0,193.0,6075.0,159.0,6233.0,34.0,-0.4790036723614888,0.8238341968911918,6249.428571428572,6261.0,12.428571428571429
2024-10-11,84.0,158.0,193.0,6075.0,159.0,6233.0,34.0,0.0,0.8238341968911918,6242.714285714285,6257.0,19.428571428571427
2024-10-12,84.0,158.0,193.0,6075.0,159.0,6233.0,34.0,0.0,0.8238341968911918,6236.0,6253.0,26.428571428571427
2024-10-13,130.0,227.0,192.0,5889.0,210.0,6116.0,-18.0,-1.8771057275790204,1.09375,6212.571428571428,6251.428571428572,26.0
2024-10-14,88.0,214.0,160.0,5935.0,106.0,6149.0,54.0,0.5395683453237377,0.6625,6211.285714285715,6244.071428571428,30.428571428571427
2024-10-15,113.0,208.0,159.0,6013.0,107.0,6221.0,52.0,1.170922101154659,0.6729559748427673,6206.857142857143,6234.571428571428,31.714285714285715
2024-10-16,174.0,285.0,150.0,6036.0,129.0,6321.0,21.0,1.6074586079408482,0.86,6215.142857142857,6235.642857142857,30.142857142857142
2024-10-17,104.0,230.0,206.0,6076.0,160.0,6306.0,46.0,-0.23730422401518902,0.7766990291262136,6225.571428571428,6237.5,31.857142857142858
2024-10-18,104.0,230.0,206.0,6076.0,160.0,6306.0,46.0,0.0,0.7766990291262136,6236.0,6239.357142857143,33.57142857142857
2024-10-19,104.0,230.0,206.0,6076.0,160.0,6306.0,46.0,0.0,0.7766990291262136,6246.428571428572,6241.214285714285,35.285714285714285
2024-10-20,147.0,276.0,214.0,5918.0,195.0,6194.0,19.0,-1.776086267047261,0.9112149532710281,6257.571428571428,6235.071428571428,40.57142857142857
2024-10-21,108.0,220.0,213.0,5966.0,154.0,6186.0,59.0,-0.12915724895059544,0.7230046948356808,6262.857142857143,6237.071428571428,41.285714285714285
2024-10-22,180.0,280.0,146.0,6043.0,109.0,6323.0,37.0,2.2146783058519137,0.7465753424657534,6277.428571428572,6242.142857142857,39.142857142857146
2024-10-23,134.0,294.0,186.0,6077.0,138.0,6371.0,48.0,0.7591333227898067,0.7419354838709677,6284.571428571428,6249.857142857143,43.0
2024-10-24,134.0,294.0,186.0,6077.0,138.0,6371.0,48.0,0.0,0.7419354838709677,6293.857142857143,6259.714285714285,43.285714285714285
2024-10-25,134.0,294.0,186.0,6077.0,138.0,6371.0,48.0,0.0,0.7419354838709677,6303.142857142857,6269.571428571428,43.57142857142857
2024-10-26,134.0,294.0,186.0,6077.0,138.0,6371.0,48.0,0.0,0.7419354838709677,6312.428571428572,6279.428571428572,43.857142857142854
2024-10-27,202.0,313.0,158.0,5974.0,192.0,6287.0,-34.0,-1.318474336838804,1.2151898734177216,6325.714285714285,6291.642857142857,36.285714285714285
2024-10-28,110.0,272.0,193.0,6008.0,156.0,6280.0,37.0,-0.11134086209638738,0.8082901554404145,6339.142857142857,6301.0,33.142857142857146
2024-10-29,166.0,277.0,229.0,6106.0,126.0,6383.0,103.0,1.6401273885350287,0.5502183406113537,6347.714285714285,6312.571428571428,42.57142857142857
2024-10-30,136.0,276.0,178.0,6149.0,160.0,6425.0,18.0,0.6579978066739711,0.898876404494382,6355.428571428572,6320.0,38.285714285714285
2024-10-31,87.0,246.0,173.0,6148.0,177.0,6394.0,-4.0,-0.4824902723735369,1.023121387283237,6358.714285714285,6326.285714285715,30.857142857142858
2024-11-01,87.0,246.0,173.0,6148.0,177.0,6394.0,-4.0,0.0,1.023121387283237,6362.0,6332.571428571428,23.428571428571427
2024-11-02,87.0,246.0,173.0,6148.0,177.0,6394.0,-4.0,0.0,1.023121387283237,6365.285714285715,6338.857142857143,16.0
2024-11-03,84.0,171.0,157.0,5990.0,184.0,6161.0,-27.0,-3.6440412887081663,1.1719745222929936,6347.285714285715,6336.5,17.0
2024-11-04,167.0,209.0,157.0,6007.0,132.0,6216.0,25.0,0.8927122220418804,0.8407643312101911,6338.142857142857,6338.642857142857,15.285714285714286
2024-11-05,109.0,245.0,159.0,6045.0,126.0,6290.0,33.0,1.1904761904761862,0.7924528301886793,6324.857142857143,6336.285714285715,5.285714285714286
2024-11-06,156.0,256.0,176.0,6086.0,137.0,6342.0,39.0,0.8267090620031725,0.7784090909090909,6313.0,6334.214285714285,8.285714285714286
2024-11-07,125.0,232.0,192.0,6084.0,177.0,6316.0,15.0,-0.40996531062755803,0.921875,6301.857142857143,6330.285714285715,11.0
2024-11-08,125.0,232.0,192.0,6084.0,177.0,6316.0,15.0,0.0,0.921875,6290.714285714285,6326.357142857143,13.714285714285714
2024-11-09,125.0,232.0,192.0,6084.0,177.0,6316.0,15.0,0.0,0.921875,6279.571428571428,6322.428571428572,16.428571428571427
2024-11-10,125.0,232.0,192.0,6084.0,177.0,6316.0,15.0,0.0,0.921875,6301.714285714285,6324.5,22.428571428571427
2024-11-11,118.0,139.0,168.0,5963.0,145.0,6102.0,23.0,-3.3882203926535737,0.8630952380952381,6285.428571428572,6311.785714285715,22.142857142857142
2024-11-12,142.0,235.0,139.0,5975.0,138.0,6210.0,1.0,1.7699115044247815,0.9928057553956835,6274.0,6299.428571428572,17.571428571428573
2024-11-13,148.0,245.0,175.0,5966.0,151.0,6211.0,24.0,0.016103059581329404,0.8628571428571429,6255.285714285715,6284.142857142857,15.428571428571429
2024-11-14,119.0,219.0,210.0,6025.0,172.0,6244.0,38.0,0.5313154081468374,0.819047619047619,6245.0,6273.428571428572,18.714285714285715
2024-11-15,119.0,219.0,210.0,6025.0,172.0,6244.0,38.0,0.0,0.819047619047619,6234.714285714285,6262.714285714285,22.0
2024-11-16,119.0,219.0,210.0,6025.0,172.0,6244.0,38.0,0.0,0.819047619047619,6224.428571428572,6252.0,25.285714285714285
2024-11-17,105.0,210.0,149.0,5816.0,195.0,6026.0,-46.0,-3.49135169762973,1.308724832214765,6183.0,6242.357142857143,16.571428571428573
2024-11-18,143.0,203.0,163.0,5819.0,138.0,6022.0,25.0,-0.06637902422834685,0.8466257668711656,6171.571428571428,6228.5,16.857142857142858
2024-11-19,119.0,209.0,152.0,5844.0,146.0,6053.0,6.0,0.5147791431418192,0.9605263157894737,6149.142857142857,6211.571428571428,17.571428571428573
2024-11-20,155.0,212.0,181.0,5879.0,148.0,6091.0,33.0,0.6277878737815934,0.8176795580110497,6132.0,6193.642857142857,18.857142857142858
2024-11-21,109.0,214.0,173.0,5850.0,210.0,6064.0,-37.0,-0.44327696601543787,1.2138728323699421,6106.285714285715,6175.642857142857,8.142857142857142
2024-11-22,109.0,214.0,173.0,5850.0,210.0,6064.0,-37.0,0.0,1.2138728323699421,6080.571428571428,6157.642857142857,-2.5714285714285716
2024-11-23,109.0,214.0,173.0,5850.0,210.0,6064.0,-37.0,0.0,1.2138728323699421,6054.857142857143,6139.642857142857,-13.285714285714286
2024-11-24,191.0,283.0,192.0,5664.0,207.0,5947.0,-15.0,-1.9294195250659674,1.078125,6043.571428571428,6113.285714285715,-8.857142857142858
2024-11-25,170.0,297.0,196.0,5715.0,129.0,6012.0,67.0,1.0929880612073228,0.6581632653061225,6042.142857142857,6106.857142857143,-2.857142857142857
2024-11-26,152.0,272.0,214.0,5826.0,112.0,6098.0,102.0,1.4304723885562254,0.5233644859813084,6048.571428571428,6098.857142857143,10.857142857142858
2024-11-27,239.0,367.0,224.0,5862.0,211.0,6229.0,13.0,2.1482453263365064,0.9419642857142857,6068.285714285715,6100.142857142857,8.0
2024-11-28,113.0,280.0,237.0,5963.0,143.0,6243.0,94.0,0.224755177396041,0.6033755274261603,6093.857142857143,6100.071428571428,26.714285714285715
2024-11-29,113.0,280.0,237.0,5963.0,143.0,6243.0,94.0,0.0,0.6033755274261603,6119.428571428572,6100.0,45.42857142857143
2024-11-30,113.0,280.0,237.0,5963.0,143.0,6243.0,94.0,0.0,0.6033755274261603,6145.0,6099.928571428572,64.14285714285714
2024-12-01,196.0,306.0,187.0,5986.0,149.0,6292.0,38.0,0.7848790645522907,0.7967914438502673,6194.285714285715,6118.928571428572,71.71428571428571
2024-12-02,236.0,330.0,222.0,6061.0,115.0,6391.0,107.0,1.573426573426584,0.5180180180180181,6248.428571428572,6145.285714285715,77.42857142857143
2024-12-03,81.0,230.0,242.0,6192.0,107.0,6422.0,135.0,0.48505711156312525,0.44214876033057854,6294.714285714285,6171.642857142857,82.14285714285714
2024-12-04,118.0,245.0,160.0,6269.0,115.0,6514.0,45.0,1.4325755216443525,0.71875,6335.428571428572,6201.857142857143,86.71428571428571
2024-12-05,218.0,283.0,208.0,6310.0,150.0,6593.0,58.0,1.2127724900214965,0.7211538461538461,6385.428571428572,6239.642857142857,81.57142857142857
2024-12-06,218.0,283.0,208.0,6310.0,150.0,6593.0,58.0,0.0,0.7211538461538461,6435.428571428572,6277.428571428572,76.42857142857143
2024-12-07,218.0,283.0,208.0,6310.0,150.0,6593.0,58.0,0.0,0.7211538461538461,6485.428571428572,6315.214285714285,71.28571428571429
2024-12-08,132.0,243.0,183.0,6286.0,172.0,6529.0,11.0,-0.9707265281359012,0.9398907103825137,6519.285714285715,6356.785714285715,67.42857142857143
2024-12-09,224.0,315.0,152.0,6268.0,174.0,6583.0,-22.0,0.8270791851738402,1.144736842105263,6546.714285714285,6397.571428571428,49.0
2024-12-10,167.0,326.0,213.0,6310.0,149.0,6636.0,64.0,0.8051040559015732,0.6995305164319249,6577.285714285715,6436.0,38.857142857142854
2024-12-11,209.0,353.0,232.0,6402.0,152.0,6755.0,80.0,1.793248945147674,0.6551724137931034,6611.714285714285,6473.571428571428,43.857142857142854
2024-12-12,153.0,253.0,286.0,6481.0,194.0,6734.0,92.0,-0.31088082901554737,0.6783216783216783,6631.857142857143,6508.642857142857,48.714285714285715
2024-12-13,153.0,253.0,286.0,6481.0,194.0,6734.0,92.0,0.0,0.6783216783216783,6652.0,6543.714285714285,53.57142857142857
2024-12-14,153.0,253.0,286.0,6481.0,194.0,6734.0,92.0,0.0,0.6783216783216783,6672.142857142857,6578.785714285715,58.42857142857143
2024-12-15,180.0,337.0,219.0,6408.0,224.0,6745.0,-5.0,0.16335016335016217,1.0228310502283104,6703.0,6611.142857142857,56.142857142857146
2024-12-16,133.0,287.0,189.0,6454.0,149.0,6741.0,40.0,-0.05930318754633346,0.7883597883597884,6725.571428571428,6636.142857142857,65.0
2024-12-17,187.0,310.0,247.0,6506.0,151.0,6816.0,96.0,1.1125945705384943,0.611336032388664,6751.285714285715,6664.285714285715,69.57142857142857
2024-12-18,168.0,285.0,210.0,6598.0,134.0,6883.0,76.0,0.9829812206572752,0.638095238095238,6769.571428571428,6690.642857142857,69.0
2024-12-19,269.0,412.0,204.0,6600.0,238.0,7012.0,-34.0,1.8741827691413526,1.1666666666666667,6809.285714285715,6720.571428571428,51.0
2024-12-20,269.0,412.0,204.0,6600.0,238.0,7012.0,-34.0,0.0,1.1666666666666667,6849.0,6750.5,33.0
2024-12-21,269.0,412.0,204.0,6600.0,238.0,7012.0,-34.0,0.0,1.1666666666666667,6888.714285714285,6780.428571428572,15.0
2024-12-22,100.0,255.0,236.0,6595.0,268.0,6850.0,-32.0,-2.310325156873927,1.1355932203389831,6903.714285714285,6803.357142857143,11.142857142857142
2024-12-23,205.0,294.0,177.0,6548.0,231.0,6842.0,-54.0,-0.11678832116788218,1.305084745762712,6918.142857142857,6821.857142857143,-2.2857142857142856
2024-12-24,161.0,304.0,211.0,6622.0,155.0,6926.0,56.0,1.2277111955568465,0.7345971563981043,6933.857142857143,6842.571428571428,-8.0
2024-12-25,57.0,162.0,193.0,6689.0,107.0,6851.0,86.0,-1.082876118971987,0.5544041450777202,6929.285714285715,6849.428571428572,-6.571428571428571
2024-12-26,80.0,122.0,152.0,6707.0,135.0,6829.0,17.0,-0.3211210042329604,0.8881578947368421,6903.142857142857,6856.214285714285,0.7142857142857143
2024-12-27,80.0,122.0,152.0,6707.0,135.0,6829.0,17.0,0.0,0.8881578947368421,6877.0,6863.0,8.0
2024-12-28,80.0,122.0,152.0,6707.0,135.0,6829.0,17.0,0.0,0.8881578947368421,6850.857142857143,6869.785714285715,15.285714285714286
2024-12-29,107.0,170.0,133.0,6465.0,216.0,6635.0,-83.0,-2.8408258895885163,1.6240601503759398,6820.142857142857,6861.928571428572,8.0
2024-12-30,99.0,156.0,139.0,6454.0,177.0,6610.0,-38.0,-0.37678975131876236,1.2733812949640289,6787.0,6852.571428571428,10.285714285714286
2024-12-31,99.0,156.0,139.0,6454.0,177.0,6610.0,-38.0,0.0,1.2733812949640289,6741.857142857143,6837.857142857143,-3.142857142857143
2025-01-01,25.0,66.0,94.0,6405.0,144.0,6471.0,-50.0,-2.1028744326777593,1.5319148936170213,6687.571428571428,6808.428571428572,-22.571428571428573
2025-01-02,35.0,70.0,53.0,6292.0,170.0,6362.0,-117.0,-1.6844382630196275,3.207547169811321,6620.857142857143,6762.0,-41.714285714285715
2025-01-03,35.0,70.0,53.0,6292.0,170.0,6362.0,-117.0,0.0,3.207547169811321,6554.142857142857,6715.571428571428,-60.857142857142854
2025-01-04,35.0,70.0,53.0,6292.0,170.0,6362.0,-117.0,0.0,3.207547169811321,6487.428571428572,6669.142857142857,-80.0
2025-01-05,43.0,73.0,64.0,5882.0,185.0,5955.0,-121.0,-6.397359320968254,2.890625,6390.285714285715,6605.214285714285,-85.42857142857143
2025-01-06,41.0,60.0,71.0,5769.0,190.0,5829.0,-119.0,-2.1158690176322437,2.676056338028169,6278.714285714285,6532.857142857143,-97.0
2025-01-07,65.0,83.0,65.0,5703.0,133.0,5786.0,-68.0,-0.7376908560645101,2.046153846153846,6161.0,6451.428571428572,-101.28571428571429
2025-01-08,38.0,80.0,82.0,5605.0,184.0,5685.0,-102.0,-1.7455928102315887,2.2439024390243905,6048.714285714285,6368.142857142857,-108.71428571428571
2025-01-09,56.0,82.0,68.0,5507.0,164.0,5589.0,-96.0,-1.6886543535620024,2.411764705882353,5938.285714285715,6279.571428571428,-105.71428571428571
2025-01-10,56.0,82.0,68.0,5507.0,164.0,5589.0,-96.0,0.0,2.411764705882353,5827.857142857143,6191.0,-102.71428571428571
2025-01-11,56.0,82.0,68.0,5507.0,164.0,5589.0,-96.0,0.0,2.411764705882353,5717.428571428572,6102.428571428572,-99.71428571428571
2025-01-12,74.0,103.0,80.0,5092.0,235.0,5195.0,-155.0,-7.049561638933621,2.9375,5608.857142857143,5999.571428571428,-104.57142857142857
2025-01-13,68.0,107.0,102.0,5019.0,181.0,5126.0,-79.0,-1.3282001924927789,1.7745098039215685,5508.428571428572,5893.571428571428,-98.85714285714286
2025-01-14,92.0,124.0,93.0,4957.0,139.0,5081.0,-46.0,-0.877877487319545,1.4946236559139785,5407.714285714285,5784.357142857143,-95.71428571428571
2025-01-15,113.0,162.0,107.0,4903.0,164.0,5065.0,-57.0,-0.3148986419996058,1.5327102803738317,5319.142857142857,5683.928571428572,-89.28571428571429
2025-01-16,106.0,196.0,131.0,4881.0,159.0,5077.0,-28.0,0.23692003948667661,1.213740458015267,5246.0,5592.142857142857,-79.57142857142857
2025-01-17,106.0,196.0,131.0,4881.0,159.0,5077.0,-28.0,0.0,1.213740458015267,5172.857142857143,5500.357142857143,-69.85714285714286
2025-01-18,106.0,196.0,131.0,4881.0,159.0,5077.0,-28.0,0.0,1.213740458015267,5099.714285714285,5408.571428571428,-60.142857142857146
2025-01-19,86.0,152.0,168.0,4628.0,176.0,4780.0,-8.0,-5.849911364979321,1.0476190476190477,5040.428571428572,5324.642857142857,-39.142857142857146
2025-01-20,84.0,118.0,136.0,4638.0,127.0,4756.0,9.0,-0.5020920502092019,0.9338235294117647,4987.571428571428,5248.0,-26.571428571428573
2025-01-21,59.0,64.0,117.0,4728.0,54.0,4792.0,63.0,0.7569386038688064,0.46153846153846156,4946.285714285715,5177.0,-11.0
2025-01-22,62.0,97.0,52.0,4717.0,83.0,4814.0,-31.0,0.45909849749583564,1.5961538461538463,4910.428571428572,5114.785714285715,-7.285714285714286
2025-01-23,91.0,75.0,97.0,4621.0,174.0,4696.0,-77.0,-2.451184046530952,1.7938144329896908,4856.0,5051.0,-14.285714285714286
2025-01-24,91.0,75.0,97.0,4621.0,174.0,4696.0,-77.0,0.0,1.7938144329896908,4801.571428571428,4987.214285714285,-21.285714285714285
2025-01-25,91.0,75.0,97.0,4621.0,174.0,4696.0,-77.0,0.0,1.7938144329896908,4747.142857142857,4923.428571428572,-28.285714285714285
2025-01-26,29.0,51.0,11.0,4241.0,182.0,4292.0,-171.0,-8.603066439523,16.545454545454547,4677.428571428572,4858.928571428572,-51.57142857142857
2025-01-27,33.0,53.0,34.0,4161.0,127.0,4214.0,-93.0,-1.817334575955265,3.735294117647059,4600.0,4793.785714285715,-66.14285714285714
2025-01-28,32.0,49.0,39.0,4096.0,101.0,4145.0,-62.0,-1.6373991457047987,2.58974358974359,4507.571428571428,4726.928571428572,-84.0
2025-01-29,32.0,50.0,39.0,4036.0,99.0,4086.0,-60.0,-1.423401688781667,2.5384615384615383,4403.571428571428,4657.0,-88.14285714285714
2025-01-30,47.0,42.0,47.0,3923.0,159.0,3965.0,-112.0,-2.961331375428289,3.382978723404255,4299.142857142857,4577.571428571428,-93.14285714285714
2025-01-31,47.0,42.0,47.0,3923.0,159.0,3965.0,-112.0,0.0,3.382978723404255,4194.714285714285,4498.142857142857,-98.14285714285714
2025-02-01,47.0,42.0,47.0,3923.0,159.0,3965.0,-112.0,0.0,3.382978723404255,4090.285714285714,4418.714285714285,-103.14285714285714
2025-02-02,20.0,22.0,41.0,3483.0,168.0,3505.0,-127.0,-11.601513240857509,4.097560975609756,3977.8571428571427,4327.642857142857,-96.85714285714286
2025-02-03,23.0,45.0,11.0,3403.0,102.0,3448.0,-91.0,-1.6262482168330927,9.272727272727273,3868.4285714285716,4234.214285714285,-96.57142857142857
2025-02-04,34.0,54.0,29.0,3359.0,74.0,3413.0,-45.0,-1.0150812064965153,2.5517241379310347,3763.8571428571427,4135.714285714285,-94.14285714285714
2025-02-05,26.0,36.0,36.0,3290.0,104.0,3326.0,-68.0,-2.5490770583064704,2.888888888888889,3655.285714285714,4029.4285714285716,-95.28571428571429
2025-02-06,25.0,32.0,27.0,3181.0,145.0,3213.0,-118.0,-3.397474443776305,5.37037037037037,3547.8571428571427,3923.5,-96.14285714285714
2025-02-07,25.0,32.0,27.0,3181.0,145.0,3213.0,-118.0,0.0,5.37037037037037,3440.4285714285716,3817.5714285714284,-97.0
2025-02-08,25.0,32.0,27.0,3181.0,145.0,3213.0,-118.0,0.0,5.37037037037037,3333.0,3711.6428571428573,-97.85714285714286
2025-02-09,15.0,13.0,23.0,2878.0,99.0,2891.0,-76.0,-10.02178649237473,4.304347826086956,3245.285714285714,3611.5714285714284,-90.57142857142857
2025-02-10,16.0,18.0,15.0,2834.0,63.0,2852.0,-48.0,-1.3490141819439638,4.2,3160.1428571428573,3514.285714285714,-84.42857142857143
2025-02-11,11.0,22.0,12.0,2799.0,50.0,2821.0,-38.0,-1.0869565217391353,4.166666666666667,3075.5714285714284,3419.714285714286,-83.42857142857143
2025-02-12,16.0,20.0,20.0,2752.0,66.0,2772.0,-46.0,-1.7369727047146455,3.3,2996.4285714285716,3325.8571428571427,-80.28571428571429
2025-02-13,15.0,10.0,23.0,2703.0,72.0,2713.0,-49.0,-2.128427128427124,3.130434782608696,2925.0,3236.4285714285716,-70.42857142857143
2025-02-14,15.0,10.0,23.0,2703.0,72.0,2713.0,-49.0,0.0,3.130434782608696,2853.5714285714284,3147.0,-60.57142857142857
2025-02-15,15.0,10.0,23.0,2703.0,72.0,2713.0,-49.0,0.0,3.130434782608696,2782.1428571428573,3057.5714285714284,-50.714285714285715
2025-02-16,15.0,10.0,23.0,2703.0,72.0,2713.0,-49.0,0.0,3.130434782608696,2756.714285714286,3001.0,-46.857142857142854
2025-02-17,8.0,17.0,14.0,2532.0,15.0,2549.0,-1.0,-6.044968669369699,1.0714285714285714,2713.4285714285716,2936.785714285714,-40.142857142857146
2025-02-18,18.0,19.0,11.0,2536.0,9.0,2555.0,2.0,0.23538642604943316,0.8181818181818182,2675.4285714285716,2875.5,-34.42857142857143
2025-02-19,12.0,17.0,17.0,2528.0,19.0,2545.0,-2.0,-0.3913894324853229,1.1176470588235294,2643.0,2819.714285714286,-28.142857142857142
2025-02-20,13.0,25.0,15.0,2520.0,32.0,2545.0,-17.0,0.0,2.1333333333333333,2619.0,2772.0,-23.571428571428573
2025-02-21,13.0,25.0,15.0,2520.0,32.0,2545.0,-17.0,0.0,2.1333333333333333,2595.0,2724.285714285714,-19.0
2025-02-22,13.0,25.0,15.0,2520.0,32.0,2545.0,-17.0,0.0,2.1333333333333333,2571.0,2676.5714285714284,-14.428571428571429
2025-02-23,7.0,16.0,8.0,2423.0,35.0,2439.0,-27.0,-4.165029469548132,4.375,2531.8571428571427,2644.285714285714,-11.285714285714286
2025-02-24,20.0,22.0,14.0,2413.0,24.0,2435.0,-10.0,-0.16400164001639794,1.7142857142857142,2515.5714285714284,2614.5,-12.571428571428571
2025-02-25,11.0,7.0,7.0,2413.0,23.0,2420.0,-16.0,-0.6160164271047264,3.2857142857142856,2496.285714285714,2585.8571428571427,-15.142857142857142
2025-02-26,12.0,21.0,1.0,2411.0,23.0,2432.0,-22.0,0.49586776859504855,23.0,2480.1428571428573,2561.5714285714284,-18.0
2025-02-27,10.0,15.0,17.0,2391.0,37.0,2406.0,-20.0,-1.0690789473684181,2.176470588235294,2460.285714285714,2539.6428571428573,-18.428571428571427
2025-02-28,10.0,15.0,17.0,2391.0,37.0,2406.0,-20.0,0.0,2.176470588235294,2440.4285714285716,2517.714285714286,-18.857142857142858
2025-03-01,10.0,15.0,17.0,2391.0,37.0,2406.0,-20.0,0.0,2.176470588235294,2420.5714285714284,2495.785714285714,-19.285714285714285
2025-03-02,12.0,24.0,4.0,2297.0,31.0,2321.0,-27.0,-3.5328345802161265,7.75,2403.714285714286,2467.785714285714,-19.285714285714285
2025-03-03,8.0,29.0,18.0,2287.0,25.0,2316.0,-7.0,-0.21542438604049696,1.3888888888888888,2386.714285714286,2451.1428571428573,-18.857142857142858
2025-03-04,4.0,25.0,10.0,2272.0,30.0,2297.0,-20.0,-0.8203799654576849,3.0,2369.1428571428573,2432.714285714286,-19.428571428571427
2025-03-05,5.0,20.0,4.0,2238.0,40.0,2258.0,-36.0,-1.6978667827601268,10.0,2344.285714285714,2412.214285714286,-21.428571428571427
2025-03-06,7.0,27.0,6.0,2218.0,33.0,2245.0,-27.0,-0.5757307351638596,5.5,2321.285714285714,2390.785714285714,-22.428571428571427
2025-03-07,7.0,27.0,6.0,2218.0,33.0,2245.0,-27.0,0.0,5.5,2298.285714285714,2369.3571428571427,-23.428571428571427
2025-03-08,7.0,27.0,6.0,2218.0,33.0,2245.0,-27.0,0.0,5.5,2275.285714285714,2347.9285714285716,-24.428571428571427
2025-03-09,12.0,25.0,15.0,2137.0,30.0,2162.0,-15.0,-3.697104677060137,2.0,2252.5714285714284,2328.1428571428573,-22.714285714285715
2025-03-10,6.0,28.0,8.0,2125.0,23.0,2153.0,-15.0,-0.4162812210915856,2.875,2229.285714285714,2308.0,-23.857142857142858
2025-03-11,3.0,11.0,7.0,2116.0,20.0,2127.0,-13.0,-1.207617278216444,2.857142857142857,2205.0,2287.0714285714284,-22.857142857142858
2025-03-12,6.0,18.0,2.0,2113.0,8.0,2131.0,-6.0,0.18805829807240215,4.0,2186.8571428571427,2265.5714285714284,-18.571428571428573
2025-03-13,4.0,20.0,9.0,2116.0,6.0,2136.0,3.0,0.2346316283434957,0.6666666666666666,2171.285714285714,2246.285714285714,-14.285714285714286
2025-03-14,4.0,20.0,9.0,2116.0,6.0,2136.0,3.0,0.0,0.6666666666666666,2155.714285714286,2227.0,-10.0
2025-03-15,4.0,20.0,9.0,2116.0,6.0,2136.0,3.0,0.0,0.6666666666666666,2140.1428571428573,2207.714285714286,-5.714285714285714
2025-03-16,1.0,9.0,8.0,2117.0,5.0,2126.0,3.0,-0.46816479400748623,0.625,2135.0,2193.785714285714,-3.142857142857143
2025-03-17,5.0,14.0,0.0,2111.0,8.0,2125.0,-8.0,-0.04703668861711918,,2131.0,2180.1428571428573,-2.142857142857143
2025-03-18,19.0,34.0,6.0,2109.0,8.0,2143.0,-2.0,0.8470588235294008,1.3333333333333333,2133.285714285714,2169.1428571428573,-0.5714285714285714
2025-03-19,6.0,22.0,14.0,2119.0,9.0,2141.0,5.0,-0.09332711152589823,0.6428571428571429,2134.714285714286,2160.785714285714,1.0
2025-03-20,9.0,20.0,11.0,2124.0,7.0,2144.0,4.0,0.14012143858010973,0.6363636363636364,2135.8571428571427,2153.5714285714284,1.1428571428571428
2025-03-21,9.0,20.0,11.0,2124.0,7.0,2144.0,4.0,0.0,0.6363636363636364,2137.0,2146.3571428571427,1.2857142857142858
2025-03-22,9.0,20.0,11.0,2124.0,7.0,2144.0,4.0,0.0,0.6363636363636364,2138.1428571428573,2139.1428571428573,1.4285714285714286
2025-03-23,15.0,29.0,9.0,2136.0,2.0,2165.0,7.0,0.9794776119403048,0.2222222222222222,2143.714285714286,2139.3571428571427,2.0
2025-03-24,7.0,13.0,11.0,2139.0,7.0,2152.0,4.0,-0.6004618937644368,0.6363636363636364,2147.5714285714284,2139.285714285714,3.7142857142857144
2025-03-25,12.0,19.0,7.0,2145.0,6.0,2164.0,1.0,0.5576208178438735,0.8571428571428571,2150.5714285714284,2141.9285714285716,4.142857142857143
2025-03-26,9.0,21.0,15.0,2159.0,2.0,2180.0,13.0,0.7393715341959428,0.13333333333333333,2156.1428571428573,2145.4285714285716,5.285714285714286
2025-03-27,1.0,19.0,13.0,2159.0,2.0,2178.0,11.0,-0.09174311926605228,0.15384615384615385,2161.0,2148.4285714285716,6.285714285714286
2025-03-28,1.0,19.0,13.0,2159.0,2.0,2178.0,11.0,0.0,0.15384615384615385,2165.8571428571427,2151.4285714285716,7.285714285714286
2025-03-29,1.0,19.0,13.0,2159.0,2.0,2178.0,11.0,0.0,0.15384615384615385,2170.714285714286,2154.4285714285716,8.285714285714286
2025-03-30,9.0,20.0,5.0,2188.0,2.0,2208.0,3.0,1.377410468319562,0.4,2176.8571428571427,2160.285714285714,7.714285714285714
2025-03-31,9.0,25.0,8.0,2193.0,5.0,2218.0,3.0,0.45289855072463414,0.625,2186.285714285714,2166.9285714285716,7.571428571428571
2025-04-01,17.0,36.0,7.0,2191.0,12.0,2227.0,-5.0,0.4057709648331853,1.7142857142857142,2195.285714285714,2172.9285714285716,6.714285714285714
2025-04-02,5.0,31.0,16.0,2208.0,3.0,2239.0,13.0,0.5388414907947947,0.1875,2203.714285714286,2179.9285714285716,6.714285714285714
2025-04-03,12.0,26.0,18.0,2223.0,8.0,2249.0,10.0,0.44662795891021734,0.4444444444444444,2213.8571428571427,2187.4285714285716,6.571428571428571
2025-04-04,12.0,26.0,18.0,2223.0,8.0,2249.0,10.0,0.0,0.4444444444444444,2224.0,2194.9285714285716,6.428571428571429
2025-04-05,12.0,26.0,18.0,2223.0,8.0,2249.0,10.0,0.0,0.4444444444444444,2234.1428571428573,2202.4285714285716,6.285714285714286
2025-04-06,7.0,14.0,7.0,2234.0,11.0,2248.0,-4.0,-0.04446420631392112,1.5714285714285714,2239.8571428571427,2208.3571428571427,5.285714285714286
2025-04-07,12.0,22.0,9.0,2237.0,5.0,2259.0,4.0,0.48932384341637825,0.5555555555555556,2245.714285714286,2216.0,5.428571428571429
2025-04-08,12.0,34.0,12.0,2243.0,9.0,2277.0,3.0,0.7968127490039834,0.75,2252.8571428571427,2224.0714285714284,6.571428571428571
2025-04-09,6.0,19.0,10.0,2251.0,5.0,2270.0,5.0,-0.30742204655248573,0.5,2257.285714285714,2230.5,5.428571428571429
2025-04-10,18.0,25.0,17.0,2265.0,6.0,2290.0,11.0,0.8810572687224738,0.35294117647058826,2263.1428571428573,2238.5,5.571428571428571
2025-04-11,8.0,22.0,8.0,2267.0,9.0,2289.0,-1.0,-0.04366812227074579,1.125,2268.8571428571427,2246.4285714285716,4.0
2025-04-12,8.0,22.0,8.0,2267.0,9.0,2289.0,-1.0,0.0,1.125,2274.5714285714284,2254.3571428571427,2.4285714285714284
2025-04-13,5.0,26.0,10.0,2283.0,3.0,2309.0,7.0,0.8737439930100566,0.3,2283.285714285714,2261.5714285714284,4.0
2025-04-14,5.0,26.0,9.0,2282.0,13.0,2308.0,-4.0,-0.04330879168471524,1.4444444444444444,2290.285714285714,2268.0,2.857142857142857
2025-04-15,4.0,19.0,12.0,2286.0,7.0,2305.0,5.0,-0.12998266897746857,0.5833333333333334,2294.285714285714,2273.5714285714284,3.142857142857143
2025-04-16,11.0,30.0,5.0,2291.0,8.0,2321.0,-3.0,0.694143167028205,1.6,2301.5714285714284,2279.4285714285716,2.0
2025-04-17,7.0,26.0,10.0,2288.0,14.0,2314.0,-4.0,-0.30159414045669575,1.4,2305.0,2284.0714285714284,-0.14285714285714285
2025-04-18,7.0,26.0,10.0,2288.0,14.0,2314.0,-4.0,0.0,1.4,2308.5714285714284,2288.714285714286,-0.5714285714285714
2025-04-19,7.0,26.0,10.0,2288.0,14.0,2314.0,-4.0,0.0,1.4,2312.1428571428573,2293.3571428571427,-1.0
2025-04-20,4.0,15.0,6.0,2305.0,4.0,2320.0,2.0,0.2592912705272177,0.6666666666666666,2313.714285714286,2298.5,-1.7142857142857142
2025-04-21,10.0,25.0,5.0,2308.0,6.0,2333.0,-1.0,0.5603448275862011,1.2,2317.285714285714,2303.785714285714,-1.2857142857142858
2025-04-22,7.0,19.0,14.0,2305.0,17.0,2324.0,-3.0,-0.385769395627944,1.2142857142857142,2320.0,2307.1428571428573,-2.4285714285714284
2025-04-23,3.0,23.0,4.0,2300.0,11.0,2323.0,-7.0,-0.0430292598967319,2.75,2320.285714285714,2310.9285714285716,-3.0
2025-04-24,3.0,9.0,7.0,2294.0,13.0,2303.0,-6.0,-0.860955660783469,1.8571428571428572,2318.714285714286,2311.8571428571427,-3.2857142857142856
2025-04-25,3.0,9.0,7.0,2294.0,13.0,2303.0,-6.0,0.0,1.8571428571428572,2317.1428571428573,2312.8571428571427,-3.5714285714285716
2025-04-26,3.0,9.0,7.0,2294.0,13.0,2303.0,-6.0,0.0,1.8571428571428572,2315.5714285714284,2313.8571428571427,-3.857142857142857
2025-04-27,9.0,40.0,12.0,2301.0,4.0,2341.0,8.0,1.6500217108119886,0.3333333333333333,2318.5714285714284,2316.1428571428573,-3.0
2025-04-28,6.0,26.0,12.0,2307.0,8.0,2333.0,4.0,-0.34173430158052076,0.6666666666666666,2318.5714285714284,2317.9285714285716,-2.2857142857142856
2025-04-29,11.0,25.0,11.0,2304.0,15.0,2329.0,-4.0,-0.17145306472353683,1.3636363636363635,2319.285714285714,2319.6428571428573,-2.4285714285714284
2025-04-30,7.0,34.0,9.0,2309.0,12.0,2343.0,-3.0,0.6011163589523472,1.3333333333333333,2322.1428571428573,2321.214285714286,-1.8571428571428572
2025-05-01,13.0,32.0,14.0,2306.0,16.0,2338.0,-2.0,-0.21340162185232714,1.1428571428571428,2327.1428571428573,2322.9285714285716,-1.2857142857142858
2025-05-02,13.0,32.0,14.0,2306.0,16.0,2338.0,-2.0,0.0,1.1428571428571428,2332.1428571428573,2324.6428571428573,-0.7142857142857143
2025-05-03,13.0,32.0,14.0,2306.0,16.0,2338.0,-2.0,0.0,1.1428571428571428,2337.1428571428573,2326.3571428571427,-0.14285714285714285
2025-05-04,9.0,31.0,10.0,2335.0,5.0,2366.0,5.0,1.1976047904191711,0.5,2340.714285714286,2329.6428571428573,-0.5714285714285714
2025-05-05,15.0,44.0,20.0,2331.0,17.0,2375.0,3.0,0.3803888419273038,0.85,2346.714285714286,2332.6428571428573,-0.7142857142857143
2025-05-06,10.0,33.0,16.0,2339.0,16.0,2372.0,0.0,-0.1263157894736855,1.0,2352.8571428571427,2336.0714285714284,-0.14285714285714285
2025-05-07,10.0,30.0,15.0,2335.0,10.0,2365.0,5.0,-0.295109612141653,0.6666666666666666,2356.0,2339.0714285714284,1.0
2025-05-08,15.0,24.0,16.0,2361.0,11.0,2385.0,5.0,0.8456659619450413,0.6875,2362.714285714286,2344.9285714285716,2.0
2025-05-09,15.0,24.0,16.0,2361.0,11.0,2385.0,5.0,0.0,0.6875,2369.4285714285716,2350.785714285714,3.0
2025-05-10,15.0,24.0,16.0,2361.0,11.0,2385.0,5.0,0.0,0.6875,2376.1428571428573,2356.6428571428573,4.0
2025-05-11,15.0,20.0,12.0,2385.0,3.0,2405.0,9.0,0.8385744234800763,0.25,2381.714285714286,2361.214285714286,4.571428571428571
2025-05-12,7.0,33.0,14.0,2392.0,7.0,2425.0,7.0,0.8316008316008316,0.5,2388.8571428571427,2367.785714285714,5.142857142857143
2025-05-13,18.0,29.0,12.0,2394.0,11.0,2423.0,1.0,-0.08247422680411898,0.9166666666666666,2396.1428571428573,2374.5,5.285714285714286
2025-05-14,7.0,30.0,14.0,2394.0,11.0,2424.0,3.0,0.04127115146512761,0.7857142857142857,2404.5714285714284,2380.285714285714,5.0
2025-05-15,15.0,31.0,14.0,2410.0,14.0,2441.0,0.0,0.7013201320132056,1.0,2412.5714285714284,2387.6428571428573,4.285714285714286
2025-05-16,15.0,31.0,14.0,2410.0,14.0,2441.0,0.0,0.0,1.0,2420.5714285714284,2395.0,3.5714285714285716
2025-05-17,15.0,31.0,14.0,2410.0,14.0,2441.0,0.0,0.0,1.0,2428.5714285714284,2402.3571428571427,2.857142857142857
2025-05-18,13.0,28.0,14.0,2437.0,9.0,2465.0,5.0,0.9832036050798854,0.6428571428571429,2437.1428571428573,2409.4285714285716,2.2857142857142856
2025-05-19,7.0,27.0,17.0,2457.0,6.0,2484.0,11.0,0.7707910750507141,0.35294117647058826,2445.5714285714284,2417.214285714286,2.857142857142857
2025-05-20,7.0,27.0,17.0,2457.0,6.0,2484.0,11.0,0.0,0.35294117647058826,2454.285714285714,2425.214285714286,4.285714285714286
2025-05-21,14.0,62.0,13.0,2467.0,18.0,2529.0,-5.0,1.8115942028985588,1.3846153846153846,2469.285714285714,2436.9285714285716,3.142857142857143
2025-05-22,18.0,36.0,17.0,2473.0,15.0,2509.0,2.0,-0.7908264136022192,0.8823529411764706,2479.0,2445.785714285714,3.4285714285714284
2025-05-23,18.0,36.0,17.0,2473.0,15.0,2509.0,2.0,0.0,0.8823529411764706,2488.714285714286,2454.6428571428573,3.7142857142857144
2025-05-24,18.0,36.0,17.0,2473.0,15.0,2509.0,2.0,0.0,0.8823529411764706,2498.4285714285716,2463.5,4.0
2025-05-25,18.0,36.0,17.0,2473.0,15.0,2509.0,2.0,0.0,0.8823529411764706,2504.714285714286,2470.9285714285716,3.5714285714285716
2025-05-26,18.0,36.0,17.0,2473.0,15.0,2509.0,2.0,0.0,0.8823529411764706,2508.285714285714,2476.9285714285716,2.2857142857142856
2025-05-27,6.0,24.0,7.0,2504.0,11.0,2528.0,-4.0,0.757273814268622,1.5714285714285714,2514.5714285714284,2484.4285714285716,0.14285714285714285
2025-05-28,12.0,39.0,12.0,2499.0,14.0,2538.0,-2.0,0.39556962025315556,1.1666666666666667,2515.8571428571427,2492.5714285714284,0.5714285714285714
2025-05-29,13.0,38.0,15.0,2506.0,11.0,2544.0,4.0,0.23640661938533203,0.7333333333333333,2520.8571428571427,2499.9285714285716,0.8571428571428571
2025-05-30,13.0,38.0,15.0,2506.0,11.0,2544.0,4.0,0.0,0.7333333333333333,2525.8571428571427,2507.285714285714,1.1428571428571428
2025-05-31,13.0,38.0,15.0,2506.0,11.0,2544.0,4.0,0.0,0.7333333333333333,2530.8571428571427,2514.6428571428573,1.4285714285714286
2025-06-01,8.0,24.0,16.0,2528.0,12.0,2552.0,4.0,0.3144654088050425,0.75,2537.0,2520.8571428571427,1.7142857142857142
2025-06-02,10.0,19.0,5.0,2518.0,16.0,2537.0,-11.0,-0.5877742946708508,3.2,2541.0,2524.6428571428573,-0.14285714285714285
2025-06-03,5.0,23.0,11.0,2519.0,15.0,2542.0,-4.0,0.19708316909736734,1.3636363636363635,2543.0,2528.785714285714,-0.14285714285714285
2025-06-04,4.0,16.0,9.0,2516.0,16.0,2532.0,-7.0,-0.3933910306844979,1.7777777777777777,2542.1428571428573,2529.0,-0.8571428571428571
2025-06-05,8.0,26.0,5.0,2503.0,21.0,2529.0,-16.0,-0.11848341232227888,4.2,2540.0,2530.4285714285716,-3.7142857142857144
2025-06-06,8.0,26.0,5.0,2503.0,21.0,2529.0,-16.0,0.0,4.2,2537.8571428571427,2531.8571428571427,-6.571428571428571
2025-06-07,8.0,26.0,5.0,2503.0,21.0,2529.0,-16.0,0.0,4.2,2535.714285714286,2533.285714285714,-9.428571428571429
2025-06-08,10.0,16.0,15.0,2507.0,13.0,2523.0,2.0,-0.23724792408066353,0.8666666666666667,2531.5714285714284,2534.285714285714,-9.714285714285714
2025-06-09,8.0,21.0,14.0,2516.0,9.0,2537.0,5.0,0.5548949663099378,0.6428571428571429,2531.5714285714284,2536.285714285714,-7.428571428571429
2025-06-10,17.0,28.0,7.0,2511.0,12.0,2539.0,-5.0,0.07883326763893361,1.7142857142857142,2531.1428571428573,2537.0714285714284,-7.571428571428571
2025-06-11,17.0,28.0,7.0,2511.0,12.0,2539.0,-5.0,0.0,1.7142857142857142,2532.1428571428573,2537.1428571428573,-7.285714285714286
2025-06-12,17.0,28.0,7.0,2511.0,12.0,2539.0,-5.0,0.0,1.7142857142857142,2533.5714285714284,2536.785714285714,-5.714285714285714
2025-06-13,17.0,28.0,7.0,2511.0,12.0,2539.0,-5.0,0.0,1.7142857142857142,2535.0,2536.4285714285716,-4.142857142857143
2025-06-14,17.0,28.0,7.0,2511.0,12.0,2539.0,-5.0,0.0,1.7142857142857142,2536.4285714285716,2536.0714285714284,-2.5714285714285716
2025-06-15,17.0,28.0,7.0,2511.0,12.0,2539.0,-5.0,0.0,1.7142857142857142,2538.714285714286,2535.1428571428573,-3.5714285714285716
2025-06-16,17.0,28.0,7.0,2511.0,12.0,2539.0,-5.0,0.0,1.7142857142857142,2539.0,2535.285714285714,-5.0
2025-06-17,7.0,24.0,10.0,2523.0,14.0,2547.0,-4.0,0.3150846790074935,1.4,2540.1428571428573,2535.6428571428573,-4.857142857142857
2025-06-18,7.0,24.0,10.0,2523.0,14.0,2547.0,-4.0,0.0,1.4,2541.285714285714,2536.714285714286,-4.714285714285714
2025-06-19,8.0,19.0,7.0,2501.0,18.0,2520.0,-11.0,-1.0600706713780883,2.5714285714285716,2538.5714285714284,2536.0714285714284,-5.571428571428571
2025-06-20,8.0,19.0,7.0,2501.0,18.0,2520.0,-11.0,0.0,2.5714285714285716,2535.8571428571427,2535.4285714285716,-6.428571428571429
2025-06-21,8.0,19.0,7.0,2501.0,18.0,2520.0,-11.0,0.0,2.5714285714285716,2533.1428571428573,2534.785714285714,-7.285714285714286
2025-06-22,7.0,13.0,5.0,2508.0,7.0,2521.0,-2.0,0.03968253968253954,1.4,2530.5714285714284,2534.6428571428573,-6.857142857142857
2025-06-23,3.0,15.0,5.0,2495.0,17.0,2510.0,-12.0,-0.4363347877826218,3.4,2526.4285714285716,2532.714285714286,-7.857142857142857
2025-06-24,5.0,20.0,5.0,2489.0,16.0,2509.0,-11.0,-0.03984063745019473,3.2,2521.0,2530.5714285714284,-8.857142857142858
2025-06-25,6.0,12.0,2.0,2470.0,24.0,2482.0,-22.0,-1.0761259465922657,12.0,2511.714285714286,2526.5,-11.428571428571429
2025-06-26,3.0,9.0,7.0,2447.0,35.0,2456.0,-28.0,-1.0475423045930743,5.0,2502.5714285714284,2520.5714285714284,-13.857142857142858
2025-06-27,3.0,9.0,7.0,2447.0,35.0,2456.0,-28.0,0.0,5.0,2493.4285714285716,2514.6428571428573,-16.285714285714285
2025-06-28,3.0,9.0,7.0,2447.0,35.0,2456.0,-28.0,0.0,5.0,2484.285714285714,2508.714285714286,-18.714285714285715
2025-06-29,5.0,17.0,7.0,2413.0,20.0,2430.0,-13.0,-1.0586319218241047,2.857142857142857,2471.285714285714,2500.9285714285716,-20.285714285714285
2025-06-30,9.0,22.0,8.0,2407.0,16.0,2429.0,-8.0,-0.04115226337448874,2.0,2459.714285714286,2493.0714285714284,-19.714285714285715
2025-07-01,7.0,14.0,6.0,2391.0,22.0,2405.0,-16.0,-0.9880609304240395,3.6666666666666665,2444.8571428571427,2482.9285714285716,-20.428571428571427
2025-07-02,8.0,20.0,9.0,2373.0,38.0,2393.0,-29.0,-0.498960498960499,4.222222222222222,2432.1428571428573,2471.9285714285716,-21.428571428571427
2025-07-03,8.0,20.0,9.0,2373.0,38.0,2393.0,-29.0,0.0,4.222222222222222,2423.1428571428573,2462.8571428571427,-21.571428571428573
2025-07-04,8.0,20.0,9.0,2373.0,38.0,2393.0,-29.0,0.0,4.222222222222222,2414.1428571428573,2453.785714285714,-21.714285714285715
2025-07-05,8.0,20.0,9.0,2373.0,38.0,2393.0,-29.0,0.0,4.222222222222222,2405.1428571428573,2444.714285714286,-21.857142857142858
2025-07-06,4.0,17.0,2.0,2332.0,8.0,2349.0,-6.0,-1.8386961972419513,4.0,2393.5714285714284,2432.4285714285716,-20.857142857142858
2025-07-07,3.0,18.0,8.0,2317.0,20.0,2335.0,-12.0,-0.5959982971477262,2.5,2380.1428571428573,2419.9285714285716,-21.428571428571427
2025-07-08,5.0,16.0,8.0,2306.0,20.0,2322.0,-12.0,-0.5567451820128522,2.5,2368.285714285714,2406.5714285714284,-20.857142857142858
2025-07-09,2.0,18.0,0.0,2281.0,32.0,2299.0,-32.0,-0.9905254091300608,,2354.8571428571427,2393.5,-21.285714285714285
2025-07-10,2.0,12.0,3.0,2252.0,39.0,2264.0,-36.0,-1.5224010439321423,13.0,2336.4285714285716,2379.785714285714,-22.285714285714285
2025-07-11,2.0,12.0,3.0,2252.0,39.0,2264.0,-36.0,0.0,13.0,2318.0,2366.0714285714284,-23.285714285714285
2025-07-12,2.0,12.0,3.0,2252.0,39.0,2264.0,-36.0,0.0,13.0,2299.5714285714284,2352.3571428571427,-24.285714285714285
2025-07-13,1.0,13.0,4.0,2204.0,10.0,2217.0,-6.0,-2.075971731448767,2.5,2280.714285714286,2337.1428571428573,-24.285714285714285
2025-07-14,2.0,9.0,1.0,2181.0,26.0,2190.0,-25.0,-1.2178619756427644,26.0,2260.0,2320.0714285714284,-26.142857142857142
2025-07-15,0.0,8.0,5.0,2171.0,17.0,2179.0,-12.0,-0.5022831050228271,3.4,2239.5714285714284,2303.9285714285716,-26.142857142857142
2025-07-16,1.0,9.0,0.0,2164.0,11.0,2173.0,-11.0,-0.275355667737498,,2221.5714285714284,2288.214285714286,-23.142857142857142
2025-07-17,3.0,16.0,2.0,2153.0,17.0,2169.0,-15.0,-0.18407731247124248,8.5,2208.0,2272.214285714286,-20.142857142857142
2025-07-18,3.0,16.0,2.0,2153.0,17.0,2169.0,-15.0,0.0,8.5,2194.4285714285716,2256.214285714286,-17.142857142857142
2025-07-19,3.0,16.0,2.0,2153.0,17.0,2169.0,-15.0,0.0,8.5,2180.8571428571427,2240.214285714286,-14.142857142857142
2025-07-20,3.0,16.0,2.0,2153.0,17.0,2169.0,-15.0,0.0,8.5,2174.0,2227.3571428571427,-15.428571428571429
2025-07-21,4.0,18.0,7.0,2121.0,16.0,2139.0,-9.0,-1.3831258644536604,2.2857142857142856,2166.714285714286,2213.3571428571427,-13.142857142857142
2025-07-22,5.0,13.0,3.0,2117.0,16.0,2130.0,-13.0,-0.42075736325385416,5.333333333333333,2159.714285714286,2199.6428571428573,-13.285714285714286
2025-07-23,6.0,21.0,5.0,2111.0,14.0,2132.0,-9.0,0.09389671361501595,2.8,2153.8571428571427,2187.714285714286,-13.0
2025-07-24,6.0,18.0,7.0,2096.0,29.0,2114.0,-22.0,-0.8442776735459678,4.142857142857143,2146.0,2177.0,-14.0
2025-07-25,6.0,18.0,7.0,2096.0,29.0,2114.0,-22.0,0.0,4.142857142857143,2138.1428571428573,2166.285714285714,-15.0
2025-07-26,6.0,18.0,7.0,2096.0,29.0,2114.0,-22.0,0.0,4.142857142857143,2130.285714285714,2155.5714285714284,-16.0
2025-07-27,1.0,12.0,2.0,2088.0,4.0,2100.0,-2.0,-0.6622516556291425,2.0,2120.4285714285716,2147.214285714286,-14.142857142857142
2025-07-28,2.0,9.0,3.0,2080.0,14.0,2089.0,-11.0,-0.5238095238095264,4.666666666666667,2113.285714285714,2140.0,-14.428571428571429
2025-07-29,2.0,8.0,3.0,2072.0,12.0,2080.0,-9.0,-0.43082814743896636,4.0,2106.1428571428573,2132.9285714285716,-13.857142857142858
2025-07-30,4.0,15.0,4.0,2063.0,16.0,2078.0,-12.0,-0.09615384615384581,4.0,2098.4285714285716,2126.1428571428573,-14.285714285714286
2025-07-31,2.0,9.0,6.0,2058.0,15.0,2067.0,-9.0,-0.5293551491819093,2.5,2091.714285714286,2118.8571428571427,-12.428571428571429
2025-08-01,2.0,9.0,6.0,2058.0,15.0,2067.0,-9.0,0.0,2.5,2085.0,2111.5714285714284,-10.571428571428571
2025-08-02,2.0,9.0,6.0,2058.0,15.0,2067.0,-9.0,0.0,2.5,2078.285714285714,2104.285714285714,-8.714285714285714
2025-08-03,5.0,26.0,3.0,2049.0,5.0,2075.0,-2.0,0.38703434929849845,1.6666666666666667,2074.714285714286,2097.5714285714284,-8.714285714285714
2025-08-04,5.0,22.0,11.0,2040.0,14.0,2062.0,-3.0,-0.6265060240963849,1.2727272727272727,2070.8571428571427,2092.0714285714284,-7.571428571428571
2025-08-05,2.0,21.0,10.0,2042.0,14.0,2063.0,-4.0,0.04849660523762456,1.4,2068.4285714285716,2087.285714285714,-6.857142857142857
2025-08-06,4.0,17.0,3.0,2036.0,13.0,2053.0,-10.0,-0.4847309743092554,4.333333333333333,2064.8571428571427,2081.6428571428573,-6.571428571428571
2025-08-07,4.0,18.0,6.0,2031.0,17.0,2049.0,-11.0,-0.1948368241597609,2.8333333333333335,2062.285714285714,2077.0,-6.857142857142857
2025-08-08,4.0,18.0,6.0,2031.0,17.0,2049.0,-11.0,0.0,2.8333333333333335,2059.714285714286,2072.3571428571427,-7.142857142857143
2025-08-09,4.0,18.0,6.0,2031.0,17.0,2049.0,-11.0,0.0,2.8333333333333335,2057.1428571428573,2067.714285714286,-7.428571428571429
2025-08-10,0.0,18.0,8.0,2006.0,12.0,2024.0,-4.0,-1.2201073694485087,1.5,2049.8571428571427,2062.285714285714,-7.714285714285714
2025-08-11,6.0,23.0,4.0,1999.0,16.0,2022.0,-12.0,-0.09881422924901129,4.0,2044.142857142857,2057.5,-9.0
2025-08-12,8.0,38.0,9.0,1999.0,9.0,2037.0,0.0,0.7418397626112849,1.0,2040.4285714285713,2054.4285714285716,-8.428571428571429
2025-08-13,6.0,22.0,12.0,1997.0,17.0,2019.0,-5.0,-0.8836524300441795,1.4166666666666667,2035.5714285714287,2050.214285714286,-7.714285714285714
2025-08-14,3.0,27.0,4.0,1994.0,11.0,2021.0,-7.0,0.0990589400693409,2.75,2031.5714285714287,2046.9285714285713,-7.142857142857143
2025-08-15,3.0,27.0,4.0,1994.0,11.0,2021.0,-7.0,0.0,2.75,2027.5714285714287,2043.642857142857,-6.571428571428571
2025-08-16,3.0,27.0,4.0,1994.0,11.0,2021.0,-7.0,0.0,2.75,2023.5714285714287,2040.357142857143,-6.0
2025-08-17,4.0,14.0,2.0,1991.0,3.0,2005.0,-1.0,-0.7916872835230127,1.5,2020.857142857143,2035.357142857143,-5.571428571428571
2025-08-18,4.0,20.0,6.0,1985.0,14.0,2005.0,-8.0,0.0,2.3333333333333335,2018.4285714285713,2031.2857142857142,-5.0
2025-08-19,5.0,35.0,3.0,1980.0,11.0,2015.0,-8.0,0.4987531172069737,3.6666666666666665,2015.2857142857142,2027.857142857143,-6.142857142857143
2025-08-20,10.0,38.0,10.0,1983.0,10.0,2021.0,0.0,0.29776674937964653,1.0,2015.5714285714287,2025.5714285714287,-5.428571428571429
2025-08-21,6.0,49.0,8.0,1972.0,21.0,2021.0,-13.0,0.0,2.625,2015.5714285714287,2023.5714285714287,-6.285714285714286
2025-08-22,6.0,49.0,8.0,1972.0,21.0,2021.0,-13.0,0.0,2.625,2015.5714285714287,2021.5714285714287,-7.142857142857143
2025-08-23,6.0,49.0,8.0,1972.0,21.0,2021.0,-13.0,0.0,2.625,2015.5714285714287,2019.5714285714287,-8.0
2025-08-24,4.0,21.0,5.0,1981.0,5.0,2002.0,0.0,-0.9401286491835692,1.0,2015.142857142857,2018.0,-7.857142857142857
2025-08-25,8.0,30.0,8.0,1980.0,11.0,2010.0,-3.0,0.3996003996004083,1.375,2015.857142857143,2017.142857142857,-7.142857142857143
2025-08-26,10.0,21.0,20.0,1989.0,15.0,2010.0,5.0,0.0,0.75,2015.142857142857,2015.2142857142858,-5.285714285714286
2025-08-27,5.0,19.0,9.0,1988.0,19.0,2007.0,-10.0,-0.14925373134327957,2.111111111111111,2013.142857142857,2014.357142857143,-6.714285714285714
2025-08-28,8.0,33.0,6.0,1984.0,17.0,2017.0,-11.0,0.49825610363727346,2.8333333333333335,2012.5714285714287,2014.0714285714287,-6.428571428571429
2025-08-29,8.0,33.0,6.0,1984.0,17.0,2017.0,-11.0,0.0,2.8333333333333335,2012.0,2013.7857142857142,-6.142857142857143
2025-08-30,8.0,33.0,6.0,1984.0,17.0,2017.0,-11.0,0.0,2.8333333333333335,2011.4285714285713,2013.5,-5.857142857142857
2025-08-31,8.0,33.0,6.0,1984.0,17.0,2017.0,-11.0,0.0,2.8333333333333335,2013.5714285714287,2014.357142857143,-7.428571428571429
2025-09-01,10.0,29.0,17.0,2010.0,5.0,2039.0,12.0,1.0907288051561714,0.29411764705882354,2017.7142857142858,2016.7857142857142,-5.285714285714286
2025-09-02,6.0,35.0,9.0,2020.0,9.0,2055.0,0.0,0.7846983815595898,1.0,2024.142857142857,2019.642857142857,-6.0
2025-09-03,4.0,29.0,11.0,2019.0,10.0,2048.0,1.0,-0.3406326034063212,0.9090909090909091,2030.0,2021.5714285714287,-4.428571428571429
2025-09-04,11.0,40.0,2.0,2015.0,14.0,2055.0,-12.0,0.341796875,7.0,2035.4285714285713,2024.0,-4.571428571428571
2025-09-05,11.0,40.0,2.0,2015.0,14.0,2055.0,-12.0,0.0,7.0,2040.857142857143,2026.4285714285713,-4.714285714285714
2025-09-06,11.0,40.0,2.0,2015.0,14.0,2055.0,-12.0,0.0,7.0,2046.2857142857142,2028.857142857143,-4.857142857142857
2025-09-07,4.0,19.0,9.0,2026.0,7.0,2045.0,2.0,-0.48661800486617945,0.7777777777777778,2050.285714285714,2031.9285714285713,-3.0
2025-09-08,7.0,25.0,5.0,2025.0,6.0,2050.0,-1.0,0.24449877750611915,1.2,2051.8571428571427,2034.7857142857142,-4.857142857142857
2025-09-09,18.0,42.0,11.0,2023.0,14.0,2065.0,-3.0,0.7317073170731714,1.2727272727272727,2053.285714285714,2038.7142857142858,-5.285714285714286
2025-09-10,10.0,47.0,14.0,2025.0,18.0,2072.0,-4.0,0.3389830508474523,1.2857142857142858,2056.714285714286,2043.357142857143,-6.0
2025-09-11,12.0,38.0,29.0,2047.0,6.0,2085.0,23.0,0.6274131274131234,0.20689655172413793,2061.0,2048.214285714286,-1.0
2025-09-12,12.0,38.0,29.0,2047.0,6.0,2085.0,23.0,0.0,0.20689655172413793,2065.285714285714,2053.0714285714284,4.0
2025-09-13,12.0,38.0,29.0,2047.0,6.0,2085.0,23.0,0.0,0.20689655172413793,2069.5714285714284,2057.9285714285716,9.0
2025-09-14,7.0,39.0,13.0,2083.0,5.0,2122.0,8.0,1.7745803357314127,0.38461538461538464,2080.5714285714284,2065.4285714285716,9.857142857142858
2025-09-15,9.0,47.0,10.0,2086.0,10.0,2133.0,0.0,0.5183788878416529,1.0,2092.4285714285716,2072.1428571428573,10.0
2025-09-16,7.0,28.0,17.0,2095.0,12.0,2123.0,5.0,-0.46882325363337696,0.7058823529411765,2100.714285714286,2077.0,11.142857142857142
2025-09-17,7.0,38.0,5.0,2096.0,13.0,2134.0,-8.0,0.5181347150259086,2.6,2109.5714285714284,2083.1428571428573,10.571428571428571
2025-09-18,20.0,52.0,11.0,2096.0,14.0,2148.0,-3.0,0.6560449859418949,1.2727272727272727,2118.5714285714284,2089.785714285714,6.857142857142857
2025-09-19,20.0,52.0,11.0,2096.0,14.0,2148.0,-3.0,0.0,1.2727272727272727,2127.5714285714284,2096.4285714285716,3.142857142857143
2025-09-20,20.0,52.0,11.0,2096.0,14.0,2148.0,-3.0,0.0,1.2727272727272727,2136.5714285714284,2103.0714285714284,-0.5714285714285714
2025-09-21,8.0,35.0,13.0,2134.0,5.0,2169.0,8.0,0.9776536312849249,0.38461538461538464,2143.285714285714,2111.9285714285716,-0.5714285714285714
2025-09-22,17.0,40.0,14.0,2141.0,10.0,2181.0,4.0,0.5532503457814641,0.7142857142857143,2150.1428571428573,2121.285714285714,0.0
2025-09-23,11.0,36.0,10.0,2145.0,15.0,2181.0,-5.0,0.0,1.5,2158.4285714285716,2129.5714285714284,-1.4285714285714286
2025-09-24,3.0,38.0,12.0,2138.0,17.0,2176.0,-5.0,-0.22925263640531934,1.4166666666666667,2164.4285714285716,2137.0,-1.0
2025-09-25,6.0,35.0,12.0,2132.0,18.0,2167.0,-6.0,-0.4136029411764719,1.5,2167.1428571428573,2142.8571428571427,-1.4285714285714286
2025-09-26,6.0,35.0,12.0,2132.0,18.0,2167.0,-6.0,0.0,1.5,2169.8571428571427,2148.714285714286,-1.8571428571428572
2025-09-27,6.0,35.0,12.0,2132.0,18.0,2167.0,-6.0,0.0,1.5,2172.5714285714284,2154.5714285714284,-2.2857142857142856
2025-09-28,11.0,29.0,12.0,2146.0,9.0,2175.0,3.0,0.369173973234882,0.75,2173.4285714285716,2158.3571428571427,-3.0
2025-09-29,8.0,35.0,12.0,2148.0,13.0,2183.0,-1.0,0.36781609195402076,1.0833333333333333,2173.714285714286,2161.9285714285716,-3.7142857142857144
2025-09-30,8.0,32.0,12.0,2159.0,7.0,2191.0,5.0,0.3664681630783262,0.5833333333333334,2175.1428571428573,2166.785714285714,-2.2857142857142856
2025-10-01,4.0,33.0,12.0,2163.0,14.0,2196.0,-2.0,0.22820629849384932,1.1666666666666667,2178.0,2171.214285714286,-1.8571428571428572
2025-10-02,20.0,51.0,15.0,2164.0,16.0,2215.0,-1.0,0.8652094717668479,1.0666666666666667,2184.8571428571427,2176.0,-1.1428571428571428
2025-10-03,20.0,51.0,15.0,2164.0,16.0,2215.0,-1.0,0.0,1.0666666666666667,2191.714285714286,2180.785714285714,-0.42857142857142855
2025-10-04,20.0,51.0,15.0,2164.0,16.0,2215.0,-1.0,0.0,1.0666666666666667,2198.5714285714284,2185.5714285714284,0.2857142857142857
2025-10-05,8.0,28.0,13.0,2180.0,16.0,2208.0,-3.0,-0.31602708803611934,1.2307692307692308,2203.285714285714,2188.3571428571427,-0.5714285714285714
2025-10-06,5.0,33.0,15.0,2187.0,10.0,2220.0,5.0,0.5434782608695565,0.6666666666666666,2208.5714285714284,2191.1428571428573,0.2857142857142857
2025-10-07,11.0,45.0,4.0,2189.0,10.0,2234.0,-6.0,0.6306306306306242,2.5,2214.714285714286,2194.9285714285716,-1.2857142857142858
2025-10-08,8.0,49.0,15.0,2192.0,17.0,2241.0,-2.0,0.3133393017009878,1.1333333333333333,2221.1428571428573,2199.5714285714284,-1.2857142857142858
2025-10-09,11.0,55.0,13.0,2192.0,12.0,2247.0,1.0,0.2677376171352108,0.9230769230769231,2225.714285714286,2205.285714285714,-1.0
2025-10-10,11.0,55.0,13.0,2192.0,12.0,2247.0,1.0,0.0,0.9230769230769231,2230.285714285714,2211.0,-0.7142857142857143
2025-10-11,11.0,55.0,13.0,2192.0,12.0,2247.0,1.0,0.0,0.9230769230769231,2234.8571428571427,2216.714285714286,-0.42857142857142855
2025-10-12,11.0,55.0,13.0,2192.0,12.0,2247.0,1.0,0.0,0.9230769230769231,2240.4285714285716,2221.8571428571427,0.14285714285714285
2025-10-13,8.0,24.0,7.0,2223.0,6.0,2247.0,1.0,0.0,0.8571428571428571,2244.285714285714,2226.4285714285716,-0.42857142857142855
2025-10-14,7.0,30.0,16.0,2235.0,8.0,2265.0,8.0,0.8010680907877266,0.5,2248.714285714286,2231.714285714286,1.5714285714285714
2025-10-15,8.0,29.0,10.0,2225.0,15.0,2254.0,-5.0,-0.4856512141280356,1.5,2250.5714285714284,2235.8571428571427,1.1428571428571428
2025-10-16,9.0,33.0,15.0,2233.0,9.0,2266.0,6.0,0.5323868677906018,0.6,2253.285714285714,2239.5,1.8571428571428572
2025-10-17,9.0,33.0,15.0,2233.0,9.0,2266.0,6.0,0.0,0.6,2256.0,2243.1428571428573,2.5714285714285716
2025-10-18,9.0,33.0,15.0,2233.0,9.0,2266.0,6.0,0.0,0.6,2258.714285714286,2246.785714285714,3.2857142857142856
2025-10-19,9.0,34.0,17.0,2237.0,7.0,2271.0,10.0,0.22065313327448433,0.4117647058823529,2262.1428571428573,2251.285714285714,4.571428571428571
2025-10-20,10.0,39.0,6.0,2243.0,7.0,2282.0,-1.0,0.484368119771017,1.1666666666666667,2267.1428571428573,2255.714285714286,4.285714285714286
2025-10-21,13.0,39.0,17.0,2251.0,9.0,2290.0,8.0,0.35056967572304476,0.5294117647058824,2270.714285714286,2259.714285714286,4.285714285714286
2025-10-22,12.0,42.0,13.0,2261.0,12.0,2303.0,1.0,0.5676855895196509,0.9230769230769231,2277.714285714286,2264.1428571428573,5.142857142857143
2025-10-23,4.0,27.0,26.0,2266.0,18.0,2293.0,8.0,-0.43421623968736833,0.6923076923076923,2281.5714285714284,2267.4285714285716,5.428571428571429
2025-10-24,4.0,27.0,26.0,2266.0,18.0,2293.0,8.0,0.0,0.6923076923076923,2285.4285714285716,2270.714285714286,5.714285714285714
2025-10-25,4.0,27.0,26.0,2266.0,18.0,2293.0,8.0,0.0,0.6923076923076923,2289.285714285714,2274.0,6.0
2025-10-26,4.0,35.0,12.0,2276.0,10.0,2311.0,2.0,0.7849978194504947,0.8333333333333334,2295.0,2278.5714285714284,4.857142857142857
2025-10-27,2.0,31.0,8.0,2282.0,11.0,2313.0,-3.0,0.08654262224145892,1.375,2299.4285714285716,2283.285714285714,4.571428571428571
2025-10-28,6.0,22.0,11.0,2286.0,6.0,2308.0,5.0,-0.2161694768698652,0.5454545454545454,2302.0,2286.3571428571427,4.142857142857143
2025-10-29,6.0,25.0,4.0,2280.0,17.0,2305.0,-13.0,-0.12998266897746857,4.25,2302.285714285714,2290.0,2.142857142857143
2025-10-30,3.0,17.0,14.0,2287.0,12.0,2304.0,2.0,-0.04338394793925726,0.8571428571428571,2303.8571428571427,2292.714285714286,1.2857142857142858
2025-10-31,3.0,17.0,14.0,2287.0,12.0,2304.0,2.0,0.0,0.8571428571428571,2305.4285714285716,2295.4285714285716,0.42857142857142855
2025-11-01,3.0,17.0,14.0,2287.0,12.0,2304.0,2.0,0.0,0.8571428571428571,2307.0,2298.1428571428573,-0.42857142857142855
2025-11-02,5.0,21.0,10.0,2277.0,7.0,2298.0,3.0,-0.26041666666666297,0.7,2305.1428571428573,2300.0714285714284,-0.2857142857142857
2025-11-03,3.0,28.0,5.0,2269.0,12.0,2297.0,-7.0,-0.04351610095735259,2.4,2302.8571428571427,2301.1428571428573,-0.8571428571428571
2025-11-04,6.0,33.0,6.0,2270.0,8.0,2303.0,-2.0,0.2612102742707956,1.3333333333333333,2302.1428571428573,2302.0714285714284,-1.8571428571428572
2025-11-05,8.0,41.0,8.0,2272.0,7.0,2313.0,1.0,0.43421623968735723,0.875,2303.285714285714,2302.785714285714,0.14285714285714285
2025-11-06,6.0,33.0,9.0,2264.0,19.0,2297.0,-10.0,-0.6917423259835687,2.111111111111111,2302.285714285714,2303.0714285714284,-1.5714285714285714
2025-11-07,6.0,33.0,9.0,2264.0,19.0,2297.0,-10.0,0.0,2.111111111111111,2301.285714285714,2303.3571428571427,-3.2857142857142856
2025-11-08,6.0,33.0,9.0,2264.0,19.0,2297.0,-10.0,0.0,2.111111111111111,2300.285714285714,2303.6428571428573,-5.0
2025-11-09,11.0,33.0,5.0,2294.0,4.0,2327.0,1.0,1.3060513713539335,0.8,2304.4285714285716,2304.785714285714,-5.285714285714286
2025-11-10,11.0,33.0,5.0,2294.0,4.0,2327.0,1.0,0.0,0.8,2308.714285714286,2305.785714285714,-4.142857142857143
2025-11-11,11.0,39.0,12.0,2294.0,14.0,2333.0,-2.0,0.25784271594326835,1.1666666666666667,2313.0,2307.5714285714284,-4.142857142857143
2025-11-12,14.0,48.0,20.0,2302.0,7.0,2350.0,13.0,0.7286755250750065,0.35,2318.285714285714,2310.785714285714,-2.4285714285714284
2025-11-13,6.0,26.0,16.0,2317.0,5.0,2343.0,11.0,-0.29787234042553123,0.3125,2324.8571428571427,2313.5714285714284,0.5714285714285714
2025-11-14,6.0,26.0,16.0,2317.0,5.0,2343.0,11.0,0.0,0.3125,2331.4285714285716,2316.3571428571427,3.5714285714285716
2025-11-15,6.0,26.0,16.0,2317.0,5.0,2343.0,11.0,0.0,0.3125,2338.0,2319.1428571428573,6.571428571428571
2025-11-16,5.0,22.0,3.0,2340.0,5.0,2362.0,-2.0,0.8109261630388387,1.6666666666666667,2343.0,2323.714285714286,6.142857142857143
2025-11-17,1.0,35.0,6.0,2343.0,8.0,2378.0,-2.0,0.6773920406435208,1.3333333333333333,2350.285714285714,2329.5,5.714285714285714
2025-11-18,2.0,38.0,8.0,2345.0,12.0,2383.0,-4.0,0.2102607232968845,1.5,2357.4285714285716,2335.214285714286,5.428571428571429
2025-11-19,7.0,32.0,3.0,2340.0,10.0,2372.0,-7.0,-0.46160302140159093,3.3333333333333335,2360.5714285714284,2339.4285714285716,2.5714285714285716
2025-11-20,18.0,57.0,8.0,2340.0,9.0,2397.0,-1.0,1.0539629005059004,1.125,2368.285714285714,2346.5714285714284,0.8571428571428571
2025-11-21,18.0,57.0,8.0,2340.0,9.0,2397.0,-1.0,0.0,1.125,2376.0,2353.714285714286,-0.8571428571428571
2025-11-22,18.0,57.0,8.0,2340.0,9.0,2397.0,-1.0,0.0,1.125,2383.714285714286,2360.8571428571427,-2.5714285714285716
2025-11-23,3.0,46.0,22.0,2375.0,1.0,2421.0,21.0,1.001251564455563,0.045454545454545456,2392.1428571428573,2367.5714285714284,0.7142857142857143
2025-11-24,9.0,40.0,9.0,2371.0,13.0,2411.0,-4.0,-0.41305245766212195,1.4444444444444444,2396.8571428571427,2373.5714285714284,0.42857142857142855
2025-11-25,6.0,47.0,14.0,2375.0,11.0,2422.0,3.0,0.45624222314393226,0.7857142857142857,2402.4285714285716,2379.9285714285716,1.4285714285714286
2025-11-26,6.0,47.0,14.0,2375.0,11.0,2422.0,3.0,0.0,0.7857142857142857,2409.5714285714284,2385.0714285714284,2.857142857142857
2025-11-27,4.0,24.0,8.0,2389.0,7.0,2413.0,1.0,-0.37159372419488523,0.875,2411.8571428571427,2390.0714285714284,3.142857142857143
2025-11-28,4.0,24.0,8.0,2389.0,7.0,2413.0,1.0,0.0,0.875,2414.1428571428573,2395.0714285714284,3.4285714285714284
2025-11-29,4.0,24.0,8.0,2389.0,7.0,2413.0,1.0,0.0,0.875,2416.4285714285716,2400.0714285714284,3.7142857142857144
2025-11-30,4.0,18.0,10.0,2415.0,0.0,2433.0,10.0,0.8288437629506928,0.0,2418.1428571428573,2405.1428571428573,2.142857142857143
2025-12-01,4.0,26.0,4.0,2410.0,9.0,2436.0,-5.0,0.12330456226881115,2.25,2421.714285714286,2409.285714285714,2.0
2025-12-02,7.0,34.0,6.0,2407.0,8.0,2441.0,-2.0,0.20525451559934016,1.3333333333333333,2424.4285714285716,2413.4285714285716,1.2857142857142858
2025-12-03,4.0,32.0,8.0,2419.0,7.0,2451.0,1.0,0.4096681687832948,0.875,2428.5714285714284,2419.0714285714284,1.0
2025-12-04,16.0,39.0,7.0,2418.0,13.0,2457.0,-6.0,0.244798041615657,1.8571428571428572,2434.8571428571427,2423.3571428571427,0.0
2025-12-05,16.0,39.0,7.0,2418.0,13.0,2457.0,-6.0,0.0,1.8571428571428572,2441.1428571428573,2427.6428571428573,-1.0
2025-12-06,16.0,39.0,7.0,2418.0,13.0,2457.0,-6.0,0.0,1.8571428571428572,2447.4285714285716,2431.9285714285716,-2.0
2025-12-07,4.0,24.0,13.0,2429.0,12.0,2453.0,1.0,-0.16280016280015852,0.9230769230769231,2450.285714285714,2434.214285714286,-3.2857142857142856
2025-12-08,9.0,27.0,9.0,2440.0,4.0,2467.0,5.0,0.570729718711771,0.4444444444444444,2454.714285714286,2438.214285714286,-1.8571428571428572
2025-12-09,4.0,30.0,7.0,2443.0,8.0,2473.0,-1.0,0.2432103769760774,1.1428571428571428,2459.285714285714,2441.8571428571427,-1.7142857142857142
2025-12-10,10.0,54.0,5.0,2439.0,9.0,2493.0,-4.0,0.8087343307723316,1.8,2465.285714285714,2446.9285714285716,-2.4285714285714284
2025-12-11,7.0,47.0,9.0,2437.0,10.0,2484.0,-1.0,-0.3610108303249149,1.1111111111111112,2469.1428571428573,2452.0,-1.7142857142857142
2025-12-12,7.0,47.0,9.0,2437.0,10.0,2484.0,-1.0,0.0,1.1111111111111112,2473.0,2457.0714285714284,-1.0
2025-12-13,7.0,47.0,9.0,2437.0,10.0,2484.0,-1.0,0.0,1.1111111111111112,2476.8571428571427,2462.1428571428573,-0.2857142857142857
2025-12-14,8.0,35.0,4.0,2462.0,8.0,2497.0,-4.0,0.523349436392917,2.0,2483.1428571428573,2466.714285714286,-1.0
2025-12-15,11.0,42.0,9.0,2470.0,7.0,2512.0,2.0,0.6007208650380402,0.7777777777777778,2489.5714285714284,2472.1428571428573,-1.4285714285714286
2025-12-16,8.0,54.0,15.0,2468.0,9.0,2522.0,6.0,0.398089171974525,0.6,2496.5714285714284,2477.9285714285716,-0.42857142857142855
2025-12-17,7.0,31.0,11.0,2481.0,10.0,2512.0,1.0,-0.3965107057890549,0.9090909090909091,2499.285714285714,2482.285714285714,0.2857142857142857
2025-12-18,11.0,50.0,6.0,2472.0,16.0,2522.0,-10.0,0.398089171974525,2.6666666666666665,2504.714285714286,2486.9285714285716,-1.0
2025-12-19,11.0,50.0,6.0,2472.0,16.0,2522.0,-10.0,0.0,2.6666666666666665,2510.1428571428573,2491.5714285714284,-2.2857142857142856
2025-12-20,11.0,50.0,6.0,2472.0,16.0,2522.0,-10.0,0.0,2.6666666666666665,2515.5714285714284,2496.214285714286,-3.5714285714285716
2025-12-21,6.0,18.0,11.0,2484.0,14.0,2502.0,-3.0,-0.7930214115781098,1.2727272727272727,2516.285714285714,2499.714285714286,-3.4285714285714284
